<?xml version="1.0" encoding="utf-8"?>
<COLLADA xmlns="http://www.collada.org/2005/11/COLLADASchema" version="1.4.1">
  <asset>
    <contributor>
      <author>Random Talking Bush</author>
      <authoring_tool>3dsMax 11 - Feeling ColladaMax v3.05B.</authoring_tool>
      <comments>ColladaMax Export Options: ExportNormals=1;ExportEPolyAsTriangles=1;ExportXRefs=1;ExportSelected=0;ExportTangents=0;ExportAnimations=1;SampleAnim=0;ExportAnimClip=0;BakeMatrices=0;ExportRelativePaths=1;AnimStart=0;AnimEnd=3.33333;</comments>
    </contributor>
    <created>2011-11-27T02:25:59Z</created>
    <modified>2011-11-27T02:26:00Z</modified>
    <unit meter="0.0254" name="inch"/>
    <up_axis>Z_UP</up_axis>
  </asset>
  <library_images>
    <image id="KolinkDh.png" name="KolinkDh_png">
      <init_from>./images/KolinkDh.png</init_from>
    </image>
    <image id="KolinkEyeDh.png" name="KolinkEyeDh_png">
      <init_from>./images/KolinkEyeDh.png</init_from>
    </image>
    <image id="KolinkMouthDh.png" name="KolinkMouthDh_png">
      <init_from>./images/KolinkMouthDh.png</init_from>
    </image>
  </library_images>
  <library_materials>
    <material id="Material__322" name="Material__322">
      <instance_effect url="#Material__322-fx"/>
    </material>
    <material id="Material__323" name="Material__323">
      <instance_effect url="#Material__323-fx"/>
    </material>
    <material id="Material__324" name="Material__324">
      <instance_effect url="#Material__324-fx"/>
    </material>
  </library_materials>
  <library_effects>
    <effect id="Material__322-fx" name="Material__322">
      <profile_COMMON>
        <newparam sid="KolinkDh_png-surface">
          <surface type="2D">
            <init_from>KolinkDh.png</init_from>
            <format>A8R8G8B8</format>
          </surface>
        </newparam>
        <newparam sid="KolinkDh_png-sampler">
          <sampler2D>
            <source>KolinkDh_png-surface</source>
            <wrap_s>WRAP</wrap_s>
            <wrap_t>WRAP</wrap_t>
            <minfilter>NONE</minfilter>
            <magfilter>NONE</magfilter>
            <mipfilter>NONE</mipfilter>
          </sampler2D>
        </newparam>
        <technique sid="common">
          <blinn>
            <ambient>
              <color>0.588 0.588 0.588 1</color>
            </ambient>
            <diffuse>
              <texture texture="KolinkDh_png-sampler" texcoord="CHANNEL1">
                <extra>
                  <technique profile="MAYA">
                    <mirrorU>0</mirrorU>
                    <mirrorV>0</mirrorV>
                    <wrapU>1</wrapU>
                    <wrapV>1</wrapV>
                    <repeatU>1</repeatU>
                    <repeatV>1</repeatV>
                    <offsetU>0</offsetU>
                    <offsetV>0</offsetV>
                    <rotateUV>0</rotateUV>
                  </technique>
                  <technique profile="MAX3D">
                    <amount>1</amount>
                  </technique>
                </extra>
              </texture>
            </diffuse>
            <specular>
              <color>0.9 0.9 0.9 1</color>
            </specular>
            <shininess>
              <float>0.415939</float>
            </shininess>
            <reflective>
              <color>0 0 0 1</color>
            </reflective>
            <reflectivity>
              <float>1</float>
            </reflectivity>
            <transparent opaque="A_ONE">
              <color>1 1 1 1</color>
            </transparent>
            <transparency>
              <float>1</float>
            </transparency>
          </blinn>
          <extra>
            <technique profile="FCOLLADA">
              <spec_level>
                <float>0</float>
              </spec_level>
              <emission_level>
                <float>0</float>
              </emission_level>
            </technique>
          </extra>
        </technique>
      </profile_COMMON>
      <extra>
        <technique profile="MAX3D">
          <faceted>0</faceted>
          <double_sided>0</double_sided>
          <wireframe>0</wireframe>
          <face_map>0</face_map>
        </technique>
      </extra>
    </effect>
    <effect id="Material__323-fx" name="Material__323">
      <profile_COMMON>
        <newparam sid="KolinkEyeDh_png-surface">
          <surface type="2D">
            <init_from>KolinkEyeDh.png</init_from>
            <format>A8R8G8B8</format>
          </surface>
        </newparam>
        <newparam sid="KolinkEyeDh_png-sampler">
          <sampler2D>
            <source>KolinkEyeDh_png-surface</source>
            <wrap_s>WRAP</wrap_s>
            <wrap_t>WRAP</wrap_t>
            <minfilter>NONE</minfilter>
            <magfilter>NONE</magfilter>
            <mipfilter>NONE</mipfilter>
          </sampler2D>
        </newparam>
        <technique sid="common">
          <blinn>
            <ambient>
              <color>0.588 0.588 0.588 1</color>
            </ambient>
            <diffuse>
              <texture texture="KolinkEyeDh_png-sampler" texcoord="CHANNEL1">
                <extra>
                  <technique profile="MAYA">
                    <mirrorU>0</mirrorU>
                    <mirrorV>0</mirrorV>
                    <wrapU>1</wrapU>
                    <wrapV>1</wrapV>
                    <repeatU>1</repeatU>
                    <repeatV>1</repeatV>
                    <offsetU>0</offsetU>
                    <offsetV>0</offsetV>
                    <rotateUV>0</rotateUV>
                  </technique>
                  <technique profile="MAX3D">
                    <amount>1</amount>
                  </technique>
                </extra>
              </texture>
            </diffuse>
            <specular>
              <color>0.9 0.9 0.9 1</color>
            </specular>
            <shininess>
              <float>0.415939</float>
            </shininess>
            <reflective>
              <color>0 0 0 1</color>
            </reflective>
            <reflectivity>
              <float>1</float>
            </reflectivity>
            <transparent opaque="A_ONE">
              <color>1 1 1 1</color>
            </transparent>
            <transparency>
              <float>1</float>
            </transparency>
          </blinn>
          <extra>
            <technique profile="FCOLLADA">
              <spec_level>
                <float>0</float>
              </spec_level>
              <emission_level>
                <float>0</float>
              </emission_level>
            </technique>
          </extra>
        </technique>
      </profile_COMMON>
      <extra>
        <technique profile="MAX3D">
          <faceted>0</faceted>
          <double_sided>0</double_sided>
          <wireframe>0</wireframe>
          <face_map>0</face_map>
        </technique>
      </extra>
    </effect>
    <effect id="Material__324-fx" name="Material__324">
      <profile_COMMON>
        <newparam sid="KolinkMouthDh_png-surface">
          <surface type="2D">
            <init_from>KolinkMouthDh.png</init_from>
            <format>A8R8G8B8</format>
          </surface>
        </newparam>
        <newparam sid="KolinkMouthDh_png-sampler">
          <sampler2D>
            <source>KolinkMouthDh_png-surface</source>
            <wrap_s>WRAP</wrap_s>
            <wrap_t>WRAP</wrap_t>
            <minfilter>NONE</minfilter>
            <magfilter>NONE</magfilter>
            <mipfilter>NONE</mipfilter>
          </sampler2D>
        </newparam>
        <technique sid="common">
          <blinn>
            <ambient>
              <color>0.588 0.588 0.588 1</color>
            </ambient>
            <diffuse>
              <texture texture="KolinkMouthDh_png-sampler" texcoord="CHANNEL1">
                <extra>
                  <technique profile="MAYA">
                    <mirrorU>0</mirrorU>
                    <mirrorV>0</mirrorV>
                    <wrapU>1</wrapU>
                    <wrapV>1</wrapV>
                    <repeatU>1</repeatU>
                    <repeatV>1</repeatV>
                    <offsetU>0</offsetU>
                    <offsetV>0</offsetV>
                    <rotateUV>0</rotateUV>
                  </technique>
                  <technique profile="MAX3D">
                    <amount>1</amount>
                  </technique>
                </extra>
              </texture>
            </diffuse>
            <specular>
              <color>0.9 0.9 0.9 1</color>
            </specular>
            <shininess>
              <float>0.415939</float>
            </shininess>
            <reflective>
              <color>0 0 0 1</color>
            </reflective>
            <reflectivity>
              <float>1</float>
            </reflectivity>
            <transparent opaque="A_ONE">
              <color>1 1 1 1</color>
            </transparent>
            <transparency>
              <float>1</float>
            </transparency>
          </blinn>
          <extra>
            <technique profile="FCOLLADA">
              <spec_level>
                <float>0</float>
              </spec_level>
              <emission_level>
                <float>0</float>
              </emission_level>
            </technique>
          </extra>
        </technique>
      </profile_COMMON>
      <extra>
        <technique profile="MAX3D">
          <faceted>0</faceted>
          <double_sided>0</double_sided>
          <wireframe>0</wireframe>
          <face_map>0</face_map>
        </technique>
      </extra>
    </effect>
  </library_effects>
  <library_geometries>
    <geometry id="Shinx-mesh" name="Shinx">
      <mesh>
        <source id="Shinx-mesh-positions">
          <float_array id="Shinx-mesh-positions-array" count="1698">0.294428 0.210121 0.59303 0.274083 0.131326 0.632465 0.078464 0.59736 0.58974 0.033422 0.599271 0.611954 0 0.151968 0.580666 0 0.613238 0.60892 0.244482 0.847824 0.877639 0.130461 0.725148 0.662624 0 0.74754 0.647019 0.643119 0.443721 1.09868 0.513693 0.755095 0.970667 0.48391 0.734824 1.09533 0.111938 0.563344 0.212884 0.282362 0.300291 0.2131 0.102442 0.591908 0.435766 0.288453 0.253777 0.435949 0.542049 0.300868 0.213115 0.567956 0.257062 0.43593 0.683141 0.517223 0.435755 0.588363 0.210052 0.593 0.693839 0.495458 0.593168 0.531231 0.798934 0.593094 0.531706 0.815428 0.43494 0.242654 0.850656 0.434961 0.52766 0.825178 0.211795 0.239897 0.851032 0.21178 0.235923 0.850613 0.592939 0.67222 0.552087 0.212911 0.247261 -0.508375 0.647858 0.577055 -0.481214 0.795482 0.251005 -0.496717 0.610045 0.620343 -0.505156 0.624854 0.664229 -0.585297 1.06786 0.68948 -0.874973 0.613997 0.657966 -0.928061 0.994665 0.507198 -1.17708 0.848656 0.459979 -1.17415 1.17757 0.258077 -1.20212 0.840397 0.266749 -1.21634 0.987261 0.276748 -1.13283 0.433967 0.519193 -1.11089 0.433965 0.276197 -1.17284 0.608396 0.518089 -1.14772 0.608732 0.696592 -0.851271 0.433969 0.615347 -0.523682 0.433831 0.249655 -0.515029 0.433442 0.601101 -0.967132 1.22955 0.640283 -0.426499 1.084 0 -0.856941 0.643473 0 -0.498664 0.588959 0.095908 -0.853733 0.64938 0.257932 -0.148399 0.658089 0.544352 -0.14869 0.818213 0 -1.08007 0.747786 0 -1.2555 0.956915 0.263626 -1.24756 1.14634 0.584014 -0.517741 1.29455 0.550481 -0.149001 1.2946 0.609122 -0.148814 1.10067 0.105149 -0.834737 0.433972 0 -1.31909 1.11669 0 -0.148592 0.59713 -0.500134 -0.989195 1.46843 -0.44848 -0.631463 1.54963 -0.584014 -0.517741 1.29455 -0.462341 -0.297073 1.45326 0 -0.456078 1.58957 0 -0.299025 1.54918 0.462341 -0.297073 1.45326 0.460723 -0.148921 1.43354 0.500134 -0.989195 1.46843 0.412717 -1.15971 1.417 0 -1.33591 1.34516 0.226822 -1.27142 1.36472 0.44848 -0.631463 1.54963 -0.226822 -1.27142 1.36472 -0.263626 -1.24756 1.14634 0 -0.148738 1.53758 -0.460723 -0.148921 1.43354 -0.550481 -0.149001 1.2946 0.115308 -0.817522 0.212925 0.248913 -0.530859 0.211821 0.102555 -0.81759 0.057341 0.246275 -0.585769 0.080003 0.601321 -0.530707 0.211836 0.60383 -0.585615 0.080003 0.691863 -0.827441 0.057342 0.651493 -0.839449 -0.000096 0.522433 -1.09551 0.039153 0.499448 -1.07634 -0.000058 0.268387 -1.09573 0.039153 0.288052 -1.07628 -0.00004 0.143744 -0.830802 0.000016 0.691091 -0.829846 0.212952 0.519566 -1.08368 0.181217 0.27427 -1.0838 0.186063 0.518921 -1.08104 0.213156 0.275357 -1.08161 0.213141 0.272651 -0.642141 0.022589 0.561766 -0.641967 0.022589 0.322651 -1.0682 0.04726 0.39135 -1.29337 0.000222 0.391085 -1.04429 0.167391 0.462824 -1.0679 0.047283 0.310451 -1.06789 0.04726 0.194475 -1.22651 0.000222 0.210722 -0.96792 0.051527 0.282083 -1.04242 0.163966 0.574423 -0.991873 0.049006 0.581294 -1.22651 0.000222 0.514065 -1.04242 0.163966 -0.643119 0.443721 1.09868 -0.516462 0.756725 0.876269 -0.693839 0.495458 0.593168 -0.531231 0.798934 0.593094 -0.235923 0.850613 0.592939 -0.242654 0.850656 0.434961 -0.102442 0.591908 0.435766 -0.239897 0.851032 0.211779 -0.111938 0.563344 0.212884 -0.52766 0.825178 0.211794 -0.531706 0.815428 0.43494 -0.683141 0.517223 0.435755 -0.588363 0.210052 0.593 -0.282362 0.300292 0.2131 -0.288453 0.253777 0.435949 -0.078464 0.59736 0.589739 -0.294428 0.210121 0.59303 -0.567956 0.257062 0.43593 -0.542049 0.300868 0.213115 -0.243933 0.845714 0.827905 -0.67222 0.552087 0.212911 -0.566248 0.417368 1.2897 -0.62871 0.14445 1.09947 -0.616843 0.202958 0.809182 -0.609122 -0.148814 1.10067 -0.549836 0.119552 0.811293 -0.257932 -0.148399 0.658089 -0.274083 0.131326 0.632465 -0.544352 -0.14869 0.818213 -0.130461 0.725148 0.662624 0 0.862438 0.796526 -0.171849 0.899949 0.942881 -0.257806 0.885849 1.1509 -0.48391 0.734824 1.09533 -0.033422 0.599271 0.611954 -0.416509 0.718208 1.26094 -0.483516 0.388684 1.43178 0.483516 0.388684 1.43178 0.566248 0.417368 1.2897 0.62871 0.14445 1.09947 0.549836 0.119552 0.811293 0.616843 0.202958 0.809183 0 0.363792 1.54222 0.416509 0.718208 1.26094 0.257806 0.885849 1.1509 0.317901 0.970679 1.24924 0.121308 0.844354 1.28389 0.288097 0.977269 1.35118 0.354701 0.899129 1.42594 0.171849 0.899949 0.942881 0.16865 0.992579 0.922156 0.240427 1.0106 1.05175 0.128668 0.829476 1.58509 0 0.751063 1.64572 0.225451 0.685673 1.39178 0 0.586396 1.50142 -0.225451 0.685673 1.39178 0 0.857611 1.28991 -0.121308 0.844354 1.28389 0 0.91494 1.18174 -0.240427 1.0106 1.05175 -0.106042 1.03285 1.07094 -0.128668 0.829476 1.58509 0 0.917491 1.51428 0.106042 1.03285 1.07094 0.092447 1.00188 0.927197 0 0.906355 0.95468 -0.354701 0.899129 1.42594 -0.41962 0.881369 1.33461 -0.317901 0.970679 1.24924 -0.16865 0.992579 0.922156 -0.092447 1.00188 0.927197 0.41962 0.881369 1.33461 -0.288097 0.977269 1.35118 -0.325569 -0.947121 3.32891 0 -1.0662 3.4937 0 -0.735364 3.32846 0.325569 -0.947121 3.32891 0.214194 -1.22673 3.4937 0.277955 -1.25937 3.32893 0.178021 -1.45446 3.49371 0 -1.5478 3.2925 0 -1.62826 3.49371 -0.178021 -1.45446 3.49371 0 -1.68032 3.65475 -0.086657 -1.59706 3.65961 0 -1.71797 3.81833 0 -1.58438 3.66035 0.086657 -1.59706 3.65961 0 -1.51978 3.59718 -0.684612 -0.971227 3.12419 -0.277955 -1.25937 3.32893 -0.214194 -1.22673 3.4937 -0.13587 -1.38605 3.67326 -0.115926 -1.51355 3.66498 0 -1.61321 3.98471 0 -1.53947 3.66347 0.115926 -1.51355 3.66498 0 -1.29574 3.67854 0.13587 -1.38605 3.67326 -0.235547 1.19764 0.884348 -0.444906 1.1642 1.44812 0 1.02168 1.81899 0.235547 1.19764 0.884348 0.444906 1.1642 1.44812 0.684612 -0.971227 3.12419 0.659234 -1.32988 3.12419 0.361814 -1.62993 3.15534 0 -1.74019 3.17589 -0.361814 -1.62993 3.15534 -0.659234 -1.32988 3.12419 0.993407 -1.56797 2.53877 0.954138 -1.53393 2.72326 0.945185 -1.52319 2.70504 0.869873 -1.38137 2.9399 1.08853 -1.52499 3.12811 0.973132 -1.27288 3.2519 1.24021 -1.52109 3.36833 1.23154 -1.27539 3.54783 1.53632 -1.52109 3.42388 1.58512 -1.27539 3.60263 1.70999 -1.52109 3.18014 1.85584 -1.27539 3.23524 1.71922 -1.52109 2.68705 1.85815 -1.27539 2.70088 1.54943 -1.52109 2.31392 1.6491 -1.27539 2.23513 1.21498 -1.49991 2.09472 1.25005 -1.25081 1.98192 0.993552 -1.23056 1.93357 1.26144 -1.02969 2.13706 1.04737 -1.03171 2.08353 1.06826 -0.986339 2.33282 0.890033 -0.634288 2.27175 0.867679 -0.612707 2.55987 0.504209 -0.361985 2.27147 0.481456 -0.349249 2.55679 0 -0.197617 2.27147 0 -0.198587 2.55679 -0.481456 -0.349249 2.55679 0 -0.303198 2.88812 -0.442259 -0.431256 2.88812 0 -0.496521 3.12419 -0.403357 -0.66009 3.12419 -0.862265 -1.37044 2.93125 -0.945185 -1.52319 2.70504 -0.73136 -1.67603 2.91971 -0.853326 -1.76949 2.63522 -0.993407 -1.56797 2.53877 -0.886095 -1.80566 2.37601 -1.01965 -1.55719 2.39208 -0.86618 -1.79678 2.20271 -0.992385 -1.48686 2.0517 -0.818573 -1.75714 2.01293 -0.926566 -1.54235 1.96979 -0.667317 -1.59456 1.75786 -0.732452 -1.54092 1.76046 -0.49598 -1.47086 1.61271 -0.949457 -1.35511 1.48958 -0.605221 -1.15785 1.62475 -0.824482 -1.15554 1.74691 -0.521879 -0.764298 1.726 -0.71833 -0.731143 1.83451 -0.43507 -0.501721 1.90861 -0.862813 -0.677728 2.02213 -0.504209 -0.361985 2.27147 -0.890033 -0.634288 2.27175 -0.867679 -0.612707 2.55987 -1.06826 -0.986339 2.33282 -1.0313 -0.979581 2.587 -1.3414 -0.927917 2.55134 -0.951445 -1.01469 2.83892 -1.0753 -1.02744 3.13632 -0.887249 -1.17969 2.96006 -0.973132 -1.27288 3.2519 -0.869873 -1.38137 2.9399 -1.08853 -1.52499 3.12811 -0.954138 -1.53393 2.72326 -0.79798 -0.751209 2.88378 0 -0.359221 1.91122 0.43507 -0.501721 1.90861 0.862813 -0.677728 2.02213 0.71833 -0.731143 1.83451 0.824482 -1.15554 1.74691 1.16106 -1.38734 1.68333 0.732452 -1.54092 1.76046 0.926566 -1.54235 1.96979 0.667317 -1.59456 1.75786 0.818573 -1.75714 2.01293 0.401477 -2.06134 1.985 0.067795 -2.25069 2.29779 0 -2.2372 2.32578 0.091806 -2.23945 2.33112 0.065758 -2.23291 2.36109 0 -2.23007 2.38053 0.0565 -2.26697 2.36313 0 -2.26659 2.3771 0 -2.30039 2.34444 -0.0565 -2.26697 2.36313 -0.077096 -2.27292 2.3379 -0.065758 -2.23291 2.36109 -0.091806 -2.23945 2.33112 -0.067795 -2.25069 2.29779 0 -2.25984 2.27841 0 -2.28901 2.29884 0.057804 -2.28257 2.31026 0.077096 -2.27292 2.3379 -1.24021 -1.52109 3.36833 -1.23154 -1.27539 3.54782 -1.24021 -1.02969 3.36833 -1.58512 -1.27539 3.60263 -1.53632 -1.02969 3.42388 -1.85584 -1.27539 3.23523 -1.7042 -1.02969 3.16578 -1.85815 -1.27539 2.70088 -1.71922 -1.02969 2.68705 -1.6491 -1.27539 2.23513 -1.54943 -1.02969 2.31392 -1.25005 -1.25081 1.98192 -1.26144 -1.02969 2.13706 -0.993552 -1.23056 1.93357 -1.04737 -1.03171 2.08353 0.992385 -1.48686 2.0517 0.86618 -1.79678 2.20271 1.01965 -1.55719 2.39208 0.886095 -1.80566 2.37601 0.853326 -1.76949 2.63522 0.73136 -1.67603 2.91971 0.862265 -1.37044 2.93125 0.8837 -1.17647 2.95046 0.939391 -1.01947 2.84123 0.79798 -0.751209 2.88378 1.0313 -0.979581 2.587 -1.21498 -1.49991 2.09472 -1.54943 -1.52109 2.31392 -1.71922 -1.52109 2.68705 -1.70999 -1.52109 3.18014 -1.53632 -1.52109 3.42388 0.887249 -1.17969 2.96006 0.951445 -1.01469 2.83892 1.3414 -0.927917 2.55134 1.0753 -1.02744 3.13632 1.24021 -1.02969 3.36833 1.53632 -1.02969 3.42388 1.7042 -1.02969 3.16578 0.403214 -1.95585 2.90469 0 -2.0232 2.90469 -0.403214 -1.95585 2.90469 -0.402234 -2.06103 2.60695 -1.16106 -1.38734 1.68333 -0.342737 -0.713277 1.69506 -0.419817 -0.979472 1.62821 -0.351919 -1.15679 1.57608 -0.276046 -1.34239 1.54744 -0.199194 -1.25954 1.54873 0 -1.33154 1.53085 0 -1.41824 1.52268 0.276046 -1.34239 1.54744 0.319812 -1.57477 1.58548 0.49598 -1.47086 1.61271 0.605221 -1.15785 1.62475 0.949457 -1.35511 1.48958 0.402234 -2.06103 2.60695 0 -2.11786 2.60544 0.403016 -2.11556 2.35417 0 -2.17501 2.45728 -0.403016 -2.11556 2.35417 0 -2.27276 2.32502 -0.404172 -2.11106 2.1711 0 -2.23216 2.16004 0.442259 -0.431256 2.88812 0.403357 -0.66009 3.12419 -0.8837 -1.17647 2.95046 -0.381619 -0.605343 1.76525 0 -0.473868 1.78647 0 -0.58347 1.72759 -0.319812 -1.57477 1.58548 0 -1.63296 1.55333 1.33075 -1.62821 2.54852 0.342737 -0.713277 1.69506 0.381619 -0.605343 1.76525 1.71922 -1.02969 2.68705 1.54943 -1.02969 2.31392 0.199194 -1.25954 1.54873 0.351919 -1.15679 1.57608 0.419817 -0.979472 1.62821 -0.412717 -1.15971 1.417 -1.33075 -1.62821 2.54852 -0.057804 -2.28257 2.31026 0.521879 -0.764298 1.726 0.36063 -1.84902 1.72801 0.404172 -2.11106 2.1711 -0.939391 -1.01947 2.84123 -0.36063 -1.84902 1.72801 -0.401477 -2.06134 1.985 -0.459979 -1.17415 1.17757 -0.266749 -1.21634 0.98726 -0.657966 -0.928061 0.994664 -0.601101 -0.967132 1.22955 -0.664229 -0.585298 1.06786 -0.640283 -0.4265 1.084 -0.577055 -0.481214 0.795482 -0.095908 -0.853733 0.649383 -0.247261 -0.508376 0.647858 -0.68948 -0.874972 0.614003 -0.620343 -0.505162 0.62486 -0.251005 -0.496723 0.610051 -0.518089 -1.14772 0.608739 -0.519193 -1.11089 0.433969 -0.696592 -0.851271 0.433973 -0.615347 -0.523687 0.433836 -0.249655 -0.515033 0.433448 -0.105149 -0.834737 0.433977 -0.276748 -1.13283 0.433972 -0.276197 -1.17283 0.608403 -0.507198 -1.17707 0.848658 -0.258077 -1.20211 0.8404 -0.561766 -0.641973 0.0226 -0.651493 -0.839449 -0.000085 -0.60383 -0.585623 0.080022 -0.691863 -0.827442 0.057353 -0.522433 -1.09551 0.039164 -0.691091 -0.829847 0.212968 -0.519566 -1.08368 0.181226 -0.518921 -1.08103 0.213172 -0.27427 -1.0838 0.186071 -0.275357 -1.08161 0.213157 -0.115308 -0.817523 0.212941 -0.601321 -0.530715 0.211852 -0.248913 -0.530867 0.211837 -0.102555 -0.817591 0.057353 -0.246275 -0.585777 0.080022 -0.143744 -0.830804 0.000027 -0.272651 -0.642146 0.022601 -0.268387 -1.09573 0.039164 -0.499448 -1.07633 -0.000047 -0.288052 -1.07628 -0.000029 -0.391085 -1.04429 0.167399 -0.39135 -1.29336 0.000234 -0.322651 -1.0682 0.047271 -0.462824 -1.0679 0.047294 -0.210722 -0.967919 0.051537 -0.194475 -1.2265 0.000234 -0.310451 -1.06789 0.047271 -0.282083 -1.04241 0.163983 -0.581294 -1.2265 0.000234 -0.574423 -0.991872 0.049017 -0.514065 -1.04241 0.163983 -0.510505 0.725774 0.010928 -0.632622 0.515616 -0.000115 -0.528288 0.794767 0.077099 -0.67796 0.528221 0.057322 -0.545561 0.278149 0.037794 -0.542597 0.297307 0.185727 -0.115385 0.529571 0.057322 -0.244593 0.814528 0.077099 -0.148072 0.516944 -0.000089 -0.270898 0.745515 0.010928 -0.522577 0.305557 -0.000077 -0.274061 0.277926 0.037793 -0.293726 0.305611 -0.000059 -0.332645 0.309581 0.047241 -0.405711 0.084258 0.000203 -0.478918 0.30973 0.047264 -0.405446 0.307756 0.14856 -0.217352 0.40971 0.051507 -0.212301 0.127506 0.000203 -0.285265 0.309651 0.14519 -0.538642 0.309671 0.145262 -0.59912 0.127506 0.000203 -0.594069 0.40971 0.048988 -0.281033 0.296696 0.18501 0.115385 0.529571 0.057323 0.244593 0.814528 0.077099 0.528288 0.794767 0.077099 0.67796 0.528221 0.057324 0.632622 0.515616 -0.000114 0.545561 0.278149 0.037795 0.522577 0.305557 -0.000076 0.274061 0.277926 0.037795 0.293726 0.305611 -0.000058 0.148072 0.516944 -0.000089 0.281033 0.296696 0.18501 0.542597 0.297307 0.185727 0.510505 0.725774 0.010929 0.270898 0.745515 0.01093 0.332645 0.309582 0.047242 0.405711 0.084257 0.000204 0.405446 0.307756 0.14856 0.478918 0.30973 0.047265 0.212301 0.127505 0.000204 0.217352 0.40971 0.051509 0.285265 0.309651 0.14519 0.59912 0.127505 0.000204 0.538642 0.309671 0.145264 0.594069 0.40971 0.048989 -0.105637 0.672979 1.29842 -0.105637 0.915114 1.29842 -0.105637 0.672979 1.08714 -0.105637 0.915114 1.08714 -0.105637 1.19649 1.08714 0.105637 1.19649 1.08714 0.105637 1.47687 1.08714 0.105637 1.47687 1.29842 0.105637 1.75985 1.08714 0.105637 1.75985 1.29842 0.105637 2.04289 1.29842 -0.105637 2.04289 1.29842 0.105637 2.04289 1.08714 -0.105637 1.75985 1.08714 -0.105637 1.47687 1.08714 -0.105637 1.47687 1.29842 -0.105637 1.19649 1.29842 0.105637 0.915114 1.29842 0.105637 0.672979 1.29842 0.105637 0.915114 1.08714 0.105637 1.19649 1.29842 -0.105637 1.75985 1.29842 0.105637 0.672979 1.08714 -0.105637 2.04289 1.08714 -0.105637 2.30864 1.29842 -0.105637 2.30864 1.08714 -0.105637 2.58671 1.29842 -0.105637 2.58671 1.08714 -0.105637 2.87243 1.29842 -0.105637 2.87243 1.08714 -0.105637 3.1452 1.08714 0.105637 3.1452 1.08714 0.105637 3.39702 1.08715 0.105637 3.39702 1.29842 0.105637 2.30864 1.08714 0.105637 2.58671 1.08714 0.105637 2.58671 1.29842 0.105637 2.87243 1.08714 0.105637 2.87243 1.29842 0.105637 3.1452 1.29842 -0.105637 3.39702 1.29842 -0.751113 3.40129 1.19466 -0.185434 3.5152 1.00923 -0.185434 3.28738 1.00923 0 3.40129 0.443542 0.185434 3.5152 1.00923 0.185434 3.28738 1.00923 0.751113 3.40129 1.19466 0.105637 2.30864 1.29842 -0.105637 3.39702 1.08715 -0.105637 3.1452 1.29842 -0.185434 3.5152 1.38009 0.185434 3.5152 1.38009 0 3.40129 1.94577 0.185434 3.28738 1.38009 -0.185434 3.28738 1.38009 0.73136 -1.67603 2.91971 0 -1.93228 1.71746 0 -2.15779 1.97354</float_array>
          <technique_common>
            <accessor source="#Shinx-mesh-positions-array" count="566" stride="3">
              <param name="X" type="float"/>
              <param name="Y" type="float"/>
              <param name="Z" type="float"/>
            </accessor>
          </technique_common>
        </source>
        <source id="Shinx-mesh-normals">
          <float_array id="Shinx-mesh-normals-array" count="1698">-0.225655 -0.784598 -0.577483 0.159096 -0.17558 -0.971525 -0.767639 -0.006305 -0.640851 -0.063012 0.14375 -0.987606 0 0.020771 -0.999784 0 0.19318 -0.981163 0.3155 0.893974 -0.31823 0.26523 0.490861 -0.829885 0 0.56017 -0.828378 0.96021 0.184126 0.209987 0.627925 0.769702 0.115193 0.739603 0.586878 0.329488 -0.966997 -0.253226 0.028166 -0.489253 -0.871848 0.022641 -0.995652 0.061754 -0.069736 -0.427565 -0.880022 -0.206758 0.529821 -0.842573 -0.09675 0.533019 -0.803713 -0.264454 0.994747 -0.034935 -0.096219 0.592614 -0.763015 -0.258102 0.989313 0.144702 0.017893 0.493944 0.865387 0.084404 0.653716 0.755374 0.045447 -0.247386 0.968593 0.025043 0.554668 0.828383 -0.078264 -0.67802 0.725729 -0.116649 -0.393305 0.919391 -0.005647 0.985207 -0.169514 0.025153 0.062922 0.371566 -0.926272 0.653179 0.706276 -0.273006 -0.469002 0.883159 0.008209 0.647197 0.760308 -0.055389 0.980463 0.165348 0.106546 0.961419 -0.27468 -0.014997 0.924362 -0.365723 0.108634 0.603221 -0.797574 0.000255 0.533902 -0.844851 0.034299 -0.233887 -0.968319 -0.087499 0.110097 -0.919863 -0.37647 -0.473906 -0.863319 -0.173477 0.511549 -0.846931 -0.145005 -0.343485 -0.920608 -0.185737 0.442315 -0.887932 -0.12623 0.981802 -0.18704 -0.032888 0.727806 0.683009 -0.06162 -0.455071 0.888239 -0.06278 0.913123 -0.307701 0.267444 0.992347 0.119219 0.032157 -0.000014 -0.289913 -0.957053 -0.000003 -0.053824 -0.99855 -0.78424 -0.263365 -0.561789 0.336544 -0.031466 -0.941142 0.756265 0.028032 -0.653665 -0.000005 -0.591813 -0.806075 -0.000000 -0.912237 -0.409664 0.288479 -0.945872 -0.148683 0.911509 0.053178 0.407828 0.912002 0.033086 0.408848 0.999584 0.012 -0.026207 -0.997094 -0.049585 -0.057839 0 -0.974612 -0.223902 0 -0.045446 -0.998967 -0.884472 -0.205618 0.418844 -0.674555 0.299596 0.674699 -0.911509 0.053178 0.407828 -0.5661 0.164787 0.807698 0 0.428597 0.903496 0 0.153945 0.98808 0.5661 0.164787 0.807698 0.577178 0.041274 0.815575 0.884472 -0.205618 0.418844 0.691318 -0.676587 0.253593 0 -0.999324 -0.036774 0.369072 -0.927961 0.051712 0.674555 0.299596 0.674699 -0.369072 -0.927961 0.051712 -0.28848 -0.945871 -0.148684 0 0.020562 0.999789 -0.577178 0.041274 0.815575 -0.912002 0.033086 0.408848 -0.973035 -0.227378 0.038764 -0.686168 0.717431 -0.120275 -0.958266 0.112644 -0.26275 -0.3776 0.745445 -0.5493 0.505863 0.841983 -0.187532 0.430388 0.649305 -0.627032 0.964731 -0.006484 -0.263157 0.45519 0.002022 -0.890392 0.525651 -0.823416 -0.213721 0.160105 -0.530726 -0.832284 -0.541004 -0.791439 -0.284497 -0.284323 -0.524642 -0.802441 -0.453187 0.032349 -0.890828 0.975032 -0.222055 -0.002098 0.46586 -0.881 0.082546 -0.319119 -0.943432 0.09 0.413244 -0.909458 -0.045994 -0.589595 -0.805502 -0.059534 -0.117815 0.456578 -0.881848 0.203899 0.42293 -0.882924 -0.850487 -0.154446 -0.50281 -0.027096 -0.990836 0.132322 -0.010575 -0.557246 0.83028 -0.009114 -0.497071 -0.867662 0.736979 -0.371388 -0.564741 0.012986 -0.9552 -0.295676 -0.830228 0.15821 -0.534501 -0.127559 -0.624604 0.770454 0.81642 0.140368 -0.560138 0.224342 -0.951974 -0.208366 0.208068 -0.60655 0.767336 -0.962567 0.190685 0.192624 -0.617857 0.780362 0.096376 -0.98864 0.148791 0.021274 -0.493487 0.864421 0.096157 0.396299 0.918108 0.005031 0.247386 0.968593 0.025043 0.995652 0.061754 -0.069737 0.678019 0.725729 -0.11665 0.966997 -0.253227 0.02817 -0.554668 0.828383 -0.078265 -0.653716 0.755374 0.045447 -0.994747 -0.034935 -0.096219 -0.592614 -0.763015 -0.258102 0.489254 -0.871847 0.02265 0.427566 -0.880022 -0.206759 0.759389 0.017059 -0.650414 0.225654 -0.784598 -0.577483 -0.533019 -0.803713 -0.264454 -0.52982 -0.842574 -0.096751 -0.243753 0.912976 -0.3272 -0.985207 -0.169514 0.025153 -0.877043 0.175201 0.447326 -0.983691 -0.153079 0.09444 -0.921284 -0.380595 -0.0799 -0.999584 0.012 -0.026207 -0.754882 -0.468628 -0.458848 -0.336544 -0.031466 -0.941142 -0.159095 -0.175582 -0.971525 -0.756265 0.028032 -0.653665 -0.222268 0.49015 -0.842822 0.025307 0.874341 -0.484651 -0.400668 0.697979 -0.59354 -0.553626 0.832751 0.004893 -0.746911 0.598189 0.290335 0.063018 0.14375 -0.987605 -0.890172 0.312729 0.331352 -0.460021 0.214413 0.861631 0.460021 0.214413 0.861631 0.877043 0.175201 0.447326 0.983691 -0.153079 0.09444 0.754882 -0.468627 -0.458848 0.921284 -0.380594 -0.0799 0 0.086141 0.996283 0.890172 0.312729 0.331352 0.564076 0.82561 0.013656 0.100013 0.736338 -0.669181 -0.422812 0.76599 0.484241 -0.737746 0.590938 0.326377 0.075212 -0.091542 0.992957 0.428378 0.663602 -0.61329 0.47943 -0.243715 -0.843059 0.768347 0.424567 0.478943 0.904328 0.379914 0.194569 0 -0.59754 0.801839 0.457806 0.156902 0.875097 0 -0.006238 0.999981 -0.457806 0.156902 0.875097 0 0.952155 0.305616 0.422812 0.76599 0.484241 0 0.868652 0.495423 -0.768347 0.424567 0.478943 0.381814 0.799534 0.463641 -0.904328 0.379914 0.194569 0 0.956818 -0.290688 -0.381814 0.799534 0.463641 -0.68774 0.432565 -0.58301 0 0.48356 -0.875311 -0.075212 -0.091542 0.992957 -0.998694 -0.041578 -0.029692 -0.100013 0.736338 -0.669181 -0.47943 -0.243715 -0.843059 0.68774 0.432565 -0.58301 0.998694 -0.041578 -0.029692 0.737746 0.590938 0.326377 -0.498423 0.275001 0.822161 0.063328 0.515656 0.854452 0 0.541633 0.840615 0.498423 0.275001 0.822161 0.836672 0.069332 0.543298 0.694649 -0.284592 0.660659 0.835273 -0.54975 0.00971 0 -0.888367 0.459134 0 -0.940492 -0.339815 -0.863829 -0.501425 0.048698 0 -0.960166 -0.279429 -0.689348 0.302996 0.658022 0 0.106944 0.994265 0 0.732178 0.681113 0.689348 0.302996 0.658022 0 -0.481294 0.876559 -0.603024 0.181598 0.776778 -0.694649 -0.284592 0.660659 -0.745412 0.211715 0.63209 -0.846953 0.166161 0.505037 -0.621259 -0.782399 -0.043472 0 -0.56717 0.823601 0 -0.967109 -0.254363 0.722239 -0.691349 0.020187 -0.095126 0.654148 0.750361 0.728452 0.330468 0.600124 -0.149533 0.703414 -0.694873 -0.168403 0.85261 0.494669 0 0.561557 0.827438 0.149533 0.703414 -0.694873 0.168403 0.85261 0.494669 0.603024 0.181598 0.776778 0.552022 -0.204529 0.808356 0.330389 -0.447803 0.830852 0 -0.603453 0.797399 -0.330389 -0.447803 0.830852 -0.552022 -0.204528 0.808357 0.22896 -0.963072 0.141669 -0.652855 -0.750557 0.102197 -0.004137 -0.898625 0.438698 -0.878906 -0.345805 0.328546 -0.482175 -0.83744 0.257297 -0.848443 -0.000892 0.529286 -0.382337 -0.79832 0.465299 -0.433194 -0.139974 0.890366 0.122159 -0.835867 0.535167 0.391935 0.015404 0.919864 0.584446 -0.772685 0.247751 0.952137 0.013458 0.305375 0.677476 -0.727875 -0.105946 0.978077 0.015449 -0.20767 0.562494 -0.707111 -0.42848 0.753642 0.005545 -0.657262 0.199562 -0.731188 -0.652334 0.399956 0.148474 -0.904428 0.674341 0.215269 -0.706346 0.18539 0.815276 -0.548594 0.639306 0.622194 -0.451843 0.511037 0.854425 -0.093798 0.788154 0.606489 -0.104802 0.735487 0.654211 0.17626 0.442963 0.872556 -0.205986 0.385516 0.912505 0.136795 0 0.98946 -0.144808 0 0.988024 0.1543 -0.385516 0.912505 0.136795 0 0.911941 0.410321 -0.419669 0.758165 0.499063 0 0.708163 0.706049 -0.399555 0.550893 0.732716 -0.160075 -0.432716 0.887205 0.004137 -0.898625 0.438698 -0.619813 -0.454957 0.639411 -0.677523 -0.66549 0.313185 -0.22896 -0.963072 0.141669 -0.761081 -0.646553 0.052199 -0.473865 -0.868614 -0.144785 -0.710689 -0.679362 -0.182724 -0.66872 -0.582318 -0.462297 -0.680963 -0.567164 -0.463264 -0.764334 -0.554563 -0.329019 -0.487853 -0.510036 -0.708423 -0.439604 -0.683326 -0.582936 -0.188498 -0.320481 -0.928311 -0.521834 -0.040888 -0.852067 -0.205138 0.276099 -0.938982 -0.601832 0.461361 -0.651878 -0.360956 0.415258 -0.835028 -0.553694 0.457147 -0.696016 -0.374382 0.738181 -0.561184 -0.670503 0.585677 -0.455421 -0.442963 0.872556 -0.205986 -0.788154 0.606489 -0.104802 -0.735487 0.654211 0.17626 -0.511037 0.854425 -0.093798 -0.413022 0.889915 0.193555 -0.02152 0.999602 -0.018224 0.335344 0.895226 0.293452 0.5484 0.77509 0.313836 0.769401 0.423625 0.478085 0.848442 -0.000892 0.529287 0.878906 -0.345805 0.328546 0.482174 -0.83744 0.257298 0.652855 -0.750557 0.102197 -0.700296 0.480437 0.527983 0 0.84046 -0.541874 0.374382 0.738181 -0.561184 0.670503 0.585677 -0.455421 0.553694 0.457147 -0.696016 0.601832 0.461361 -0.651877 0.865329 -0.112922 -0.488319 0.439604 -0.683326 -0.582936 0.764334 -0.554563 -0.329019 0.487853 -0.510036 -0.708423 0.680963 -0.567164 -0.463264 0.42467 -0.78739 -0.446847 0.423161 0.14236 -0.894801 0 0.961393 -0.275178 0.904863 0.33254 -0.265783 0.576617 0.518337 0.631538 0 0.440338 0.897832 0.392293 -0.394775 0.830819 0 -0.420098 0.907479 0 -0.957629 0.288006 -0.392293 -0.394775 0.830819 -0.708861 -0.611485 0.351572 -0.576617 0.518337 0.631538 -0.904863 0.33254 -0.265783 -0.423161 0.14236 -0.894801 0 0.280508 -0.959852 0 -0.710146 -0.704054 0.532836 -0.727999 -0.431398 0.708861 -0.611485 0.351572 0.382336 -0.798321 0.465299 0.433194 -0.139974 0.890365 0.335855 0.766977 0.546761 -0.391934 0.015404 0.919864 -0.310631 0.832989 0.457861 -0.952137 0.013459 0.305375 -0.617053 0.776603 0.12702 -0.978077 0.015449 -0.20767 -0.6694 0.719838 -0.183676 -0.753642 0.005545 -0.657262 -0.48933 0.718273 -0.494611 -0.399956 0.148475 -0.904428 -0.18539 0.815276 -0.548594 -0.67434 0.215269 -0.706346 -0.639306 0.622194 -0.451843 0.668721 -0.582318 -0.462297 0.710689 -0.679362 -0.182724 0.473865 -0.868613 -0.144785 0.761081 -0.646553 0.052199 0.677523 -0.66549 0.313185 0.625135 -0.403279 0.668261 0.160074 -0.432716 0.887205 -0.089498 0.165016 0.982222 0.272862 0.691388 0.668976 0.700296 0.480437 0.527983 0.413022 0.889915 0.193555 -0.199562 -0.731188 -0.652334 -0.562494 -0.707111 -0.428479 -0.677476 -0.727875 -0.105946 -0.584446 -0.772685 0.24775 -0.122158 -0.835867 0.535166 -0.769401 0.423625 0.478085 -0.335344 0.895226 0.293452 0.021519 0.999602 -0.018224 -0.548401 0.77509 0.313835 -0.335856 0.766976 0.546762 0.310632 0.832989 0.457862 0.617053 0.776603 0.12702 0.344522 -0.736582 0.582024 0 -0.885586 0.464476 -0.344522 -0.736582 0.582024 -0.297642 -0.916825 0.266161 -0.865329 -0.112922 -0.488319 -0.48212 0.65206 -0.585131 -0.969893 -0.005994 -0.243459 -0.587947 -0.272474 -0.761627 -0.146497 0.006508 -0.98919 -0.460367 -0.752443 -0.471054 0 -0.682352 -0.731024 0 -0.061983 -0.998077 0.146497 0.006508 -0.98919 0.239964 -0.278302 -0.930035 0.188498 -0.320481 -0.928311 0.205138 0.276099 -0.938982 0.521834 -0.040888 -0.852067 0.297642 -0.916825 0.266161 0 -0.956684 0.291127 0.407358 -0.896194 0.175769 0 -0.876781 0.48089 -0.407358 -0.896194 0.175769 0 -0.992536 0.121953 -0.417542 -0.896165 -0.150158 0 -0.956586 -0.29145 0.419669 0.758165 0.499063 0.399555 0.550893 0.732716 0.089498 0.165016 0.982222 -0.277337 0.616785 -0.736655 0 0.579309 -0.815108 0 0.978249 0.207434 -0.239964 -0.278302 -0.930035 0 -0.358717 -0.933447 0.025067 -0.998841 -0.041095 0.48212 0.65206 -0.585131 0.277337 0.616785 -0.736655 0.6694 0.719839 -0.183676 0.489329 0.718274 -0.494611 0.460367 -0.752443 -0.471054 0.587947 -0.272474 -0.761627 0.969893 -0.005994 -0.243459 -0.691318 -0.676587 0.253593 -0.025067 -0.998841 -0.041094 -0.532836 -0.727999 -0.431398 0.360956 0.415258 -0.835028 0.28081 -0.577417 -0.766639 0.417542 -0.896165 -0.150158 -0.272862 0.691388 0.668976 -0.28081 -0.577417 -0.766639 -0.42467 -0.78739 -0.446847 -0.533904 -0.844849 0.034292 -0.110104 -0.919859 -0.37648 -0.924361 -0.365725 0.108632 -0.913123 -0.307702 0.267443 -0.980464 0.165344 0.106543 -0.992347 0.119219 0.032157 -0.653181 0.706265 -0.27303 0.784231 -0.263369 -0.561799 -0.062926 0.37156 -0.926274 -0.961418 -0.274682 -0.014997 -0.647201 0.760304 -0.055396 0.468994 0.883163 0.008175 -0.442311 -0.887934 -0.12623 -0.511546 -0.846932 -0.145006 -0.981801 -0.187043 -0.03289 -0.727804 0.68301 -0.061624 0.455069 0.88824 -0.062784 0.997093 -0.049585 -0.057844 0.473902 -0.863319 -0.173483 0.343483 -0.92061 -0.185733 -0.603218 -0.797577 0.000249 0.233883 -0.968318 -0.087512 -0.203921 0.422971 -0.8829 -0.455197 0.002032 -0.890388 -0.430393 0.649337 -0.626996 -0.964731 -0.006476 -0.26316 -0.525647 -0.823417 -0.213727 -0.975031 -0.222058 -0.002093 -0.465856 -0.880999 0.082578 -0.413243 -0.90946 -0.045965 0.319114 -0.943429 0.090045 0.589592 -0.805506 -0.059503 0.973034 -0.227382 0.038772 -0.505859 0.841982 -0.187543 0.686162 0.717435 -0.120285 0.958265 0.112653 -0.262751 0.3776 0.745462 -0.549277 0.453196 0.032358 -0.890823 0.117827 0.456621 -0.881824 0.541001 -0.791441 -0.284499 -0.160103 -0.530722 -0.832287 0.284319 -0.524644 -0.802441 0.010577 -0.557246 0.83028 0.027097 -0.990832 0.132358 0.850488 -0.154453 -0.502807 0.009112 -0.497086 -0.867654 0.830221 0.158211 -0.534512 -0.012947 -0.955197 -0.295687 -0.736976 -0.371402 -0.564736 0.127582 -0.624608 0.770447 -0.224374 -0.951962 -0.208385 -0.816416 0.14037 -0.560144 -0.208084 -0.606556 0.767327 -0.268049 0.426943 -0.863637 -0.455276 0.037289 -0.889569 -0.445794 0.694529 -0.56471 -0.95205 0.12734 -0.278182 -0.568056 -0.788184 -0.236807 -0.411967 -0.902593 0.124939 0.970706 0.043194 -0.236355 0.419234 0.75869 -0.49863 0.4824 -0.017238 -0.875781 0.119389 0.412387 -0.903152 -0.153027 -0.451006 -0.879305 0.53106 -0.786655 -0.31488 0.239223 -0.471441 -0.848832 -0.075071 -0.463763 -0.882773 0.00436 -0.979985 0.199024 0.063261 -0.49329 -0.867562 0.00172 -0.553044 0.833151 0.84572 0.110063 -0.522152 -0.010417 -0.981253 -0.192442 0.100499 -0.594677 0.797659 -0.173908 -0.577461 0.797681 -0.126232 -0.969272 -0.211132 -0.816335 0.112544 -0.566508 0.376015 -0.916678 0.135333 -0.970707 0.043193 -0.236352 -0.419233 0.758688 -0.498634 0.445794 0.694526 -0.564714 0.952051 0.127339 -0.278178 0.455277 0.037289 -0.889569 0.568057 -0.788185 -0.236805 0.153027 -0.451009 -0.879303 -0.531061 -0.786657 -0.314874 -0.239225 -0.471449 -0.848827 -0.4824 -0.017239 -0.875782 -0.376015 -0.916679 0.135322 0.411967 -0.902594 0.124931 0.268045 0.426939 -0.863641 -0.119387 0.412382 -0.903154 0.07507 -0.463757 -0.882776 -0.004362 -0.979983 0.199035 -0.001721 -0.553039 0.833153 -0.063264 -0.493289 -0.867562 0.010417 -0.981255 -0.192434 -0.845724 0.110063 -0.522146 -0.100492 -0.594674 0.797662 0.126231 -0.96927 -0.211144 0.173908 -0.577462 0.79768 0.816334 0.112544 -0.566509 -0.707107 -0.000003 0.707107 -0.8 -0.000001 0.6 -0.707107 0 -0.707107 -0.5547 0 -0.83205 -0.8 0 -0.6 0.707107 0 -0.707107 0.5547 0 -0.83205 0.8 0 0.6 0.8 0 -0.6 0.5547 0 0.83205 0.707107 0 0.707107 -0.707107 0 0.707107 0.707107 0 -0.707107 -0.707107 0 -0.707107 -0.5547 0 -0.83205 -0.8 0 0.6 -0.5547 0 0.83205 0.5547 -0.000001 0.83205 0.707107 -0.000003 0.707107 0.8 0 -0.6 0.707107 0 0.707107 -0.707107 0 0.707107 0.707107 0 -0.707107 -0.707107 0 -0.707107 -0.5547 0 0.83205 -0.8 0 -0.6 -0.707107 0 0.707107 -0.707107 0 -0.707107 -0.8 0 0.6 -0.5547 0 -0.83205 -0.8 0.000001 -0.6 0.8 0.000000 -0.6 0.447214 0.000003 -0.894427 0.894427 0 0.447214 0.707107 0 -0.707107 0.5547 0 -0.83205 0.8 0 0.6 0.707107 0 -0.707107 0.707107 0 0.707107 0.5547 0 0.83205 -0.707107 0 0.707107 -1 0.000000 -0.000001 -0.326725 0.886849 -0.326726 -0.326726 -0.886849 -0.326724 0 0.000000 -1 0.404326 0.82039 -0.404328 0.404328 -0.82039 -0.404326 1 0.000000 -0.000001 0.707107 0 0.707107 -0.707107 0.000003 -0.707107 -0.5547 0 0.83205 -0.404328 0.82039 0.404326 0.326726 0.886849 0.326724 0 0.000000 1 0.326726 -0.886848 0.326727 -0.404328 -0.820388 0.404329 0.561832 -0.683838 0.465521 0 -0.624429 -0.781082 0 -0.821619 -0.570037</float_array>
          <technique_common>
            <accessor source="#Shinx-mesh-normals-array" count="566" stride="3">
              <param name="X" type="float"/>
              <param name="Y" type="float"/>
              <param name="Z" type="float"/>
            </accessor>
          </technique_common>
        </source>
        <source id="Shinx-mesh-map-channel1">
          <float_array id="Shinx-mesh-map-channel1-array" count="1158">0.646851 0.201782 0 0.627106 0.216431 0 0.54953 0.124542 0 0.535553 0.124908 0 0.525421 0.191284 0 0.525055 0.119812 0 0.893951 0.283936 0 0.96933 0.23468 0 0.949554 0.263855 0 0.984619 0.235443 0 0.991089 0.281219 0 0.996918 0.244812 0 0.77243 0.349487 0 0.84201 0.300049 0 0.837158 0.348724 0 0.564636 0.054382 0 0.649811 0.117798 0 0.55426 0.105011 0 0.646149 0.169373 0 0.719879 0.148041 0 0.721222 0.199341 0 0.7836 0.19931 0 0.720093 0.236298 0 0.780212 0.236328 0 0.851654 0.236298 0 0.853394 0.199097 0 0.910095 0.199127 0 0.85495 0.147736 0 0.910523 0.147736 0 0.975464 0.14798 0 0.969513 0.19931 0 0.911194 0.235504 0 0.788452 0.14798 0 0.421143 0.558258 0 0.353943 0.601563 0 0.32373 0.557953 0 0.321655 0.691681 0 0.256287 0.551483 0 0.267059 0.653625 0 0.172119 0.610962 0 0.178284 0.703705 0 0.09259 0.606201 0 0.09967 0.654266 0 0.090149 0.492462 0 0.166229 0.492462 0 0.089233 0.547607 0 0.16568 0.547607 0 0.241241 0.492462 0 0.311035 0.492432 0 0.387146 0.49231 0 0.272797 0.717224 0 0.351044 0.715332 0 0.562531 0.544159 0 0.563843 0.576782 0 0.494965 0.541687 0 0.48288 0.646179 0 0.420197 0.674347 0 0.010132 0.587738 0 0.01239 0.65155 0 0.101105 0.711853 0 0.338806 0.783081 0 0.404205 0.787354 0 0.408752 0.74292 0 0.020172 0.492462 0 0.029663 0.547699 0 0.007385 0.547699 0 0.47348 0.492004 0 0.012909 0.710022 0 0.56546 0.642792 0 0.25766 0.840271 0 0.317993 0.880035 0 0.370605 0.840088 0 0.362274 0.955383 0 0.385895 0.942902 0 0.404694 0.838562 0 0.195679 0.831787 0 0.013306 0.818665 0 0.09198 0.822357 0 0.413788 0.940643 0 0.470337 0.453491 0 0.391571 0.453186 0 0.470367 0.41037 0 0.39798 0.41037 0 0.312256 0.453186 0 0.302124 0.41037 0 0.23822 0.41037 0 0.234253 0.396393 0 0.16922 0.41037 0 0.161865 0.396393 0 0.085022 0.41037 0 0.091736 0.396393 0 0.018951 0.396393 0 0.23999 0.453522 0 0.169922 0.433777 0 0.085144 0.435059 0 0.171783 0.453583 0 0.085297 0.453552 0 0.014709 0.455505 0 0.085297 0.455505 0 0.020172 0.491302 0 0.090149 0.491302 0 0.171783 0.455505 0 0.166229 0.491302 0 0.241241 0.491302 0 0.474304 0.396393 0 0.401123 0.396393 0 0.300079 0.396393 0 0.014709 0.453552 0 0.014984 0.41037 0 0.037537 0.365417 0 0.219086 0.366516 0 0.083618 0.341705 0 0.186981 0.341675 0 0.015717 0.921112 0 0.131928 0.921112 0 0.005341 0.987488 0 0.470337 0.455444 0 0.47348 0.490845 0 0.391571 0.455109 0 0.387146 0.49118 0 0.312256 0.455109 0 0.311035 0.491272 0 0.23999 0.455444 0 0.766571 0.391937 0 0.705902 0.34964 0 0.716003 0.284027 0 0.640656 0.393036 0 0.640717 0.349915 0 0.682465 0.285583 0 0.487396 0.228729 0 0.566437 0.253937 0 0.61557 0.300995 0 0.983185 0.311951 0 0.911591 0.314941 0 0.874786 0.347961 0 0.833069 0.391235 0 0.640686 0.42392 0 0.760193 0.423523 0 0.640717 0.491699 0 0.754669 0.49176 0 0.873505 0.372192 0 0.911438 0.398315 0 0.891907 0.395508 0 0.853424 0.417542 0 0.921448 0.33139 0 0.897064 0.348145 0 0.86557 0.461609 0 0.835297 0.491638 0 0.830383 0.444489 0 0.804169 0.49176 0 0.938568 0.407104 0 0.950989 0.382935 0 0.939026 0.364014 0 0.916718 0.449493 0 0.947632 0.34375 0 0.971435 0.340302 0 0.852295 0.39151 0 0.606323 0.700531 0 0.576172 0.679993 0 0.606415 0.624054 0 0.577759 0.743011 0 0.606323 0.765015 0 0.577759 0.797668 0 0.596405 0.854919 0 0.576172 0.851135 0 0.558472 0.838226 0 0.558685 0.811798 0 0.540619 0.825195 0 0.52945 0.81546 0 0.524933 0.811523 0 0.643768 0.715668 0 0.555237 0.760742 0 0.556274 0.795532 0 0.516205 0.791504 0 0.523438 0.808105 0 0.553619 0.721954 0 0.928284 0.345032 0 0.871582 0.392548 0 0.896362 0.49173 0 0.643768 0.781281 0 0.630402 0.845703 0 0.618378 0.890106 0 0.747253 0.824554 0 0.72644 0.815857 0 0.720429 0.818481 0 0.681641 0.788177 0 0.740295 0.810059 0 0.704712 0.771423 0 0.756714 0.80954 0 0.741272 0.780273 0 0.768372 0.807343 0 0.765045 0.780731 0 0.779755 0.80719 0 0.777893 0.779999 0 0.788025 0.805847 0 0.788727 0.778839 0 0.807678 0.805359 0 0.810181 0.772766 0 0.829346 0.805603 0 0.843262 0.756042 0 0.859314 0.750671 0 0.827118 0.726563 0 0.831513 0.709534 0 0.784088 0.701233 0 0.799652 0.654053 0 0.746979 0.650116 0 0.799713 0.584869 0 0.747528 0.58252 0 0.799713 0.525696 0 0.747528 0.525879 0 0.68692 0.545013 0 0.68692 0.597534 0 0.643768 0.57431 0 0.643768 0.639374 0 0.679047 0.788696 0 0.681152 0.838348 0 0.733185 0.856995 0 0.780579 0.865173 0 0.777649 0.822845 0 0.812286 0.866669 0 0.839905 0.809967 0 0.846985 0.859406 0 0.854889 0.820129 0 0.897247 0.82782 0 0.895874 0.819855 0 0.929413 0.807068 0 0.914032 0.783691 0 0.930603 0.749817 0 0.898346 0.747864 0 0.916962 0.675293 0 0.879608 0.671783 0 0.875977 0.612213 0 0.845306 0.661987 0 0.735779 0.700012 0 0.782044 0.715027 0 0.694061 0.718781 0 0.709686 0.738922 0 0.677948 0.753815 0 0.687714 0.675446 0 0.875519 0.550751 0 0.87738 0.785553 0 0.852112 0.918976 0 0.067474 0.02774 0 0.012512 0.05249 0 0.086731 0.056091 0 0.065826 0.08078 0 0.012665 0.096619 0 0.046722 0.06955 0 0.011871 0.077942 0 0.011505 0.052765 0 0.059326 0.053619 0 0.012787 0.010468 0 0.011932 0.027618 0 0.047546 0.035614 0 0.738007 0.752136 0 0.763428 0.755432 0 0.777924 0.755157 0 0.790222 0.753326 0 0.807617 0.74469 0 0.675537 0.753204 0 0.692932 0.717041 0 0.683899 0.888947 0 0.667969 0.935059 0 0.738342 0.911987 0 0.930023 0.653503 0 0.943726 0.714172 0 0.957275 0.749603 0 0.960968 0.790283 0 0.970917 0.763367 0 0.992493 0.781586 0 0.987793 0.804138 0 0.946167 0.834686 0 0.722687 0.956177 0 0.784576 0.921967 0 0.749786 0.966644 0 0.773987 0.984528 0 0.818054 0.921143 0 0.807251 0.977081 0 0.90921 0.638367 0 0.905334 0.57193 0 0.923096 0.585663 0 0.974335 0.841736 0 0.208374 0.316895 0 0.177277 0.29306 0 0.342773 0.309723 0 0.210968 0.199188 0 0.131592 0.269806 0 0.063477 0.192688 0 0.033844 0.251587 0 0.082764 0.885742 0 0.175873 0.891174 0 0.241058 0.902313 0 0.014282 0.885803 0 0.421997 0.286224 0 0.460938 0.207733 0 0.151245 0.116394 0 0.269134 0.098328 0 0.406433 0.139862 0 0.284363 0.93689 0 0.320953 0.989929 0 0.906311 0.878754 0 0.847382 0.10144 0 0.779846 0.098907 0 0.850311 0.117371 0 0.783173 0.112122 0 0.717468 0.107635 0 0.719208 0.134644 0 0.983246 0.112122 0 0.914642 0.117371 0 0.986633 0.098938 0 0.914581 0.10144 0 0.713226 0.098419 0 0.650757 0.077606 0 0.65448 0.068909 0 0.579987 0.00647 0 0.010406 0.987488 0 0.650452 0.104279 0 0.714233 0.034393 0 0.646545 0.008087 0 0.748749 0.072754 0 0.619385 0.026703 0 0.57547 0.019348 0 0.116974 0.073853 0 0.150909 0.073853 0 0.116974 0.041199 0 0.150909 0.041199 0 0.194275 0.041199 0 0.194275 0.008545 0 0.210113 0.008545 0 0.210113 0.041199 0 0.272278 0.008545 0 0.272278 0.041199 0 0.302673 0.041199 0 0.302673 0.073853 0 0.302673 0.008545 0 0.210113 0.073853 0 0.194275 0.073853 0 0.150909 0.008545 0 0.272278 0.073853 0 0.116974 0.008545 0 0.333099 0.073853 0 0.333099 0.041199 0 0.391144 0.073853 0 0.391144 0.041199 0 0.447357 0.073853 0 0.447357 0.041199 0 0.463592 0.041199 0 0.463592 0.008545 0 0.498901 0.008545 0 0.498901 0.041199 0 0.333099 0.008545 0 0.391144 0.008545 0 0.447357 0.008545 0 0.498901 0.073853 0 0.514008 0.990692 0 0.443024 0.954742 0 0.443024 0.972809 0 0.478058 0.919708 0 0.496124 0.919708 0 0.514008 0.848724 0 0.463592 0.073853 0 0.443024 0.884674 0 0.443024 0.866608 0 0.514038 0.675323 0 0.478119 0.746307 0 0.443054 0.711273 0 0.443054 0.781372 0 0.514038 0.817291 0 0.015625 0.800781 0 0.007813 0.851563 0 0.480469 0.8125 0 0.496094 0.855469 0 0.480469 0.925781 0 0.453125 0.761719 0 0.023438 0.753906 0 0.027344 0.917969 0 0.0625 0.996094 0 0.421875 0.996094 0 0.363281 0.765625 0 0.191406 0.753906 0 0.355469 0.847656 0 0.160156 0.84375 0 0.144531 0.945313 0 0.367188 0.945313 0 0.136719 0.996094 0 0.363281 0.996094 0</float_array>
          <technique_common>
            <accessor source="#Shinx-mesh-map-channel1-array" count="386" stride="3">
              <param name="S" type="float"/>
              <param name="T" type="float"/>
              <param name="P" type="float"/>
            </accessor>
          </technique_common>
        </source>
        <vertices id="Shinx-mesh-vertices">
          <input semantic="POSITION" source="#Shinx-mesh-positions"/>
        </vertices>
        <triangles material="Material__322" count="1034">
          <input semantic="VERTEX" source="#Shinx-mesh-vertices" offset="0"/>
          <input semantic="NORMAL" source="#Shinx-mesh-normals" offset="1"/>
          <input semantic="TEXCOORD" source="#Shinx-mesh-map-channel1" offset="2" set="1"/>
          <p>0 0 0 1 1 1 2 2 2 1 1 1 3 3 3 2 2 2 1 1 1 4 4 4 3 3 3 4 4 4 5 5 5 3 3 3 6 6 6 2 2 7 7 7 8 2 2 7 3 3 9 7 7 8 8 8 10 7 7 8 5 5 11 7 7 8 3 3 9 5 5 11 9 9 12 10 10 13 11 11 14 12 12 15 13 13 16 14 14 17 13 13 16 15 15 18 14 14 17 13 13 16 16 16 19 15 15 18 16 16 19 17 17 20 15 15 18 16 16 19 18 18 21 17 17 20 18 18 21 19 19 22 17 17 20 18 18 21 20 20 23 19 19 22 9 9 12 20 20 23 10 10 13 20 20 23 21 21 24 10 10 13 20 20 23 22 22 25 21 21 24 22 22 25 23 23 26 21 21 24 22 22 25 24 24 27 23 23 26 24 24 27 25 25 28 23 23 26 12 12 29 14 14 30 25 25 28 14 14 30 23 23 26 25 25 28 14 14 30 26 26 31 23 23 26 26 26 31 21 21 24 23 23 26 26 26 31 10 10 13 21 21 24 10 10 13 26 26 31 6 6 6 26 26 31 2 2 7 6 6 6 26 26 31 14 14 30 2 2 7 17 17 20 19 19 22 15 15 18 19 19 22 0 0 0 15 15 18 0 0 0 2 2 2 15 15 18 2 2 2 14 14 17 15 15 18 16 16 19 27 27 32 18 18 21 27 27 32 24 24 27 18 18 21 24 24 27 22 22 25 18 18 21 22 22 25 20 20 23 18 18 21 28 28 33 29 29 34 30 30 33 29 29 34 31 31 35 30 30 33 29 29 34 32 32 36 31 31 35 32 32 36 33 33 37 31 31 35 32 32 36 34 34 38 33 33 37 34 34 38 35 35 39 33 33 37 34 34 38 36 36 40 35 35 39 36 36 40 37 37 41 35 35 39 36 36 40 38 38 42 37 37 41 39 39 43 40 40 44 41 41 45 40 40 44 42 42 46 41 41 45 40 40 44 33 33 37 42 42 46 33 33 37 35 35 39 42 42 46 40 40 44 43 43 47 33 33 37 43 43 47 31 31 35 33 33 37 43 43 47 44 44 48 31 31 35 44 44 48 45 45 49 31 31 35 36 36 40 34 34 38 46 46 50 34 34 38 32 32 36 46 46 50 41 41 45 42 42 46 37 37 41 42 42 46 35 35 39 37 37 41 47 47 51 32 32 36 29 29 34 30 30 33 31 31 35 45 45 49 48 48 52 49 49 53 50 50 54 49 49 53 28 28 33 50 50 54 49 49 53 51 51 55 28 28 33 51 51 55 52 52 56 28 28 33 53 53 57 38 38 42 54 54 58 38 38 42 55 55 59 54 54 58 38 38 42 36 36 40 55 55 59 56 56 60 47 47 51 57 57 61 47 47 51 58 58 62 57 57 61 47 47 51 52 52 56 58 58 62 59 59 63 39 39 43 50 50 64 39 39 43 41 41 45 50 50 64 41 41 45 37 37 41 50 50 64 37 37 41 38 38 42 50 50 64 48 48 65 50 50 64 53 53 57 50 50 64 38 38 42 53 53 57 28 28 33 30 30 33 50 50 54 30 30 33 45 45 49 50 50 54 47 47 51 29 29 34 52 52 56 29 29 34 28 28 33 52 52 56 45 45 49 59 59 66 50 50 54 55 55 59 60 60 67 54 54 58 61 61 68 51 51 55 49 49 53 62 62 69 63 63 70 64 64 60 63 63 70 65 65 71 64 64 60 63 63 70 66 66 72 65 65 71 66 66 72 67 67 73 65 65 71 66 66 72 68 68 71 67 67 73 68 68 71 69 69 74 67 67 73 68 68 71 57 57 61 69 69 74 47 47 51 56 56 60 32 32 36 56 56 60 46 46 50 32 32 36 56 56 60 70 70 69 46 46 50 70 70 69 71 71 75 46 46 50 60 60 67 55 55 59 72 72 76 55 55 59 73 73 77 72 72 76 55 55 59 36 36 40 73 73 77 70 70 69 56 56 60 74 74 70 56 56 60 68 68 71 74 74 70 56 56 60 57 57 61 68 68 71 46 46 50 71 71 75 36 36 40 71 71 75 73 73 77 36 36 40 75 75 77 76 76 59 72 72 76 76 76 59 60 60 67 72 72 76 69 69 74 77 77 78 67 67 73 77 77 78 78 78 74 67 67 73 67 67 73 78 78 74 65 65 71 78 78 74 79 79 61 65 65 71 79 79 61 64 64 60 65 65 71 74 74 70 68 68 71 66 66 72 80 80 79 81 81 80 82 82 81 81 81 80 83 83 82 82 82 81 81 81 80 84 84 83 83 83 82 84 84 83 85 85 84 83 83 82 84 84 83 86 86 85 85 85 84 86 86 85 87 87 86 85 85 84 86 86 85 88 88 87 87 87 86 88 88 87 89 89 88 87 87 86 88 88 87 90 90 89 89 89 88 90 90 89 91 91 90 89 89 88 90 90 89 92 92 91 91 91 90 84 84 83 93 93 92 86 86 85 93 93 92 88 88 87 86 86 85 93 93 92 94 94 93 88 88 87 94 94 93 95 95 94 88 88 87 94 94 93 96 96 95 95 95 94 96 96 95 97 97 96 95 95 94 80 80 97 97 97 98 59 59 99 97 97 98 39 39 100 59 59 99 97 97 98 96 96 101 39 39 100 96 96 101 40 40 102 39 39 100 96 96 101 43 43 103 40 40 102 82 82 81 83 83 82 92 92 104 83 83 82 98 98 105 92 92 104 83 83 82 85 85 84 98 98 105 85 85 84 99 99 106 98 98 105 85 85 84 87 87 86 99 99 106 97 97 96 80 80 107 95 95 94 80 80 107 90 90 89 95 95 94 80 80 107 82 82 108 90 90 89 82 82 108 92 92 91 90 90 89 91 91 90 92 92 109 89 89 88 92 92 109 87 87 110 89 89 88 92 92 109 98 98 111 87 87 110 98 98 111 99 99 112 87 87 110 100 100 113 101 101 114 102 102 115 101 101 114 103 103 113 102 102 115 101 101 114 100 100 113 103 103 113 104 104 113 105 105 114 106 106 113 105 105 114 107 107 115 106 106 113 105 105 114 104 104 113 107 107 115 108 108 113 109 109 114 103 103 113 109 109 114 110 110 115 103 103 113 109 109 114 108 108 113 110 110 115 80 80 116 59 59 117 81 81 118 59 59 117 45 45 119 81 81 118 81 81 118 45 45 119 84 84 120 45 45 119 44 44 121 84 84 120 84 84 120 44 44 121 93 93 122 44 44 121 43 43 103 93 93 122 43 43 103 96 96 101 93 93 122 94 94 93 93 93 92 96 96 95 88 88 87 95 95 94 90 90 89 111 111 12 112 112 13 113 113 23 112 112 13 114 114 24 113 113 23 112 112 13 115 115 31 114 114 24 115 115 31 116 116 26 114 114 24 115 115 31 117 117 30 116 116 26 117 117 30 118 118 28 116 116 26 117 117 30 119 119 29 118 118 28 118 118 28 120 120 27 116 116 26 120 120 27 121 121 25 116 116 26 120 120 27 122 122 21 121 121 25 122 122 21 113 113 23 121 121 25 122 122 21 123 123 22 113 113 23 119 119 15 117 117 17 124 124 16 117 117 17 125 125 18 124 124 16 117 117 17 126 126 2 125 125 18 126 126 2 127 127 0 125 125 18 127 127 0 123 123 22 125 125 18 123 123 22 128 128 20 125 125 18 123 123 22 122 122 21 128 128 20 122 122 21 129 129 19 128 128 20 112 112 13 130 130 6 115 115 31 130 130 6 126 126 7 115 115 31 120 120 27 131 131 32 122 122 21 131 131 32 129 129 19 122 122 21 128 128 20 129 129 19 125 125 18 129 129 19 124 124 16 125 125 18 113 113 23 114 114 24 121 121 25 114 114 24 116 116 26 121 121 25 126 126 7 117 117 30 115 115 31 132 132 123 111 111 12 133 133 124 111 111 12 134 134 125 133 133 124 111 111 12 113 113 23 134 134 125 113 113 23 123 123 22 134 134 125 79 79 126 133 133 124 135 135 127 133 133 124 136 136 128 135 135 127 133 133 124 134 134 125 136 136 128 134 134 125 123 123 22 136 136 128 61 61 129 137 137 130 138 138 1 137 137 130 139 139 131 138 138 1 123 123 22 127 127 0 136 136 128 127 127 0 138 138 1 136 136 128 138 138 1 139 139 131 136 136 128 139 139 131 135 135 127 136 136 128 5 5 11 140 140 8 8 8 10 140 140 8 141 141 132 8 8 10 140 140 8 130 130 6 141 141 132 130 130 6 142 142 133 141 141 132 130 130 6 143 143 134 142 142 133 130 130 6 112 112 13 143 143 134 112 112 13 144 144 14 143 143 134 112 112 13 111 111 12 144 144 14 111 111 12 132 132 123 144 144 14 130 130 6 140 140 8 126 126 7 140 140 8 145 145 9 126 126 7 140 140 8 5 5 11 145 145 9 127 127 0 126 126 2 138 138 1 126 126 2 145 145 3 138 138 1 143 143 134 144 144 14 146 146 135 144 144 14 132 132 123 146 146 135 61 61 129 138 138 1 4 4 4 138 138 1 145 145 3 4 4 4 133 133 124 79 79 126 132 132 123 79 79 126 78 78 136 132 132 123 78 78 136 147 147 137 132 132 123 147 147 137 146 146 135 132 132 123 5 5 5 4 4 4 145 145 3 77 77 138 69 69 136 148 148 137 69 69 136 149 149 123 148 148 137 69 69 136 57 57 126 149 149 123 57 57 126 150 150 124 149 149 123 57 57 126 58 58 127 150 150 124 58 58 127 151 151 128 150 150 124 58 58 127 52 52 131 151 151 128 52 52 131 1 1 1 151 151 128 52 52 131 51 51 130 1 1 1 51 51 130 61 61 129 1 1 1 149 149 123 150 150 124 9 9 12 150 150 124 152 152 125 9 9 12 150 150 124 151 151 128 152 152 125 151 151 128 19 19 22 152 152 125 151 151 128 0 0 0 19 19 22 78 78 136 77 77 138 147 147 137 77 77 138 153 153 139 147 147 137 77 77 138 148 148 137 153 153 139 19 19 22 20 20 23 152 152 125 20 20 23 9 9 12 152 152 125 0 0 0 151 151 128 1 1 1 4 4 4 1 1 1 61 61 129 9 9 12 11 11 14 149 149 123 11 11 14 154 154 135 149 149 123 11 11 14 155 155 134 154 154 135 155 155 134 156 156 140 154 154 135 155 155 134 157 157 141 156 156 140 157 157 141 158 158 142 156 156 140 157 157 141 159 159 143 158 158 142 8 8 10 141 141 132 7 7 8 141 141 132 6 6 6 7 7 8 141 141 132 160 160 133 6 6 6 160 160 133 155 155 134 6 6 6 160 160 133 161 161 144 155 155 134 161 161 144 162 162 145 155 155 134 163 163 146 164 164 147 165 165 148 164 164 147 166 166 149 165 165 148 164 164 147 167 167 148 166 166 149 167 167 148 147 147 137 166 166 149 167 167 148 146 146 135 147 147 137 167 167 148 168 168 150 169 169 141 168 168 150 143 143 134 169 169 141 168 168 150 170 170 151 143 143 134 170 170 151 171 171 145 143 143 134 170 170 151 172 172 152 171 171 145 149 149 123 154 154 135 148 148 137 154 154 135 165 165 148 148 148 137 154 154 135 159 159 143 165 165 148 159 159 143 157 157 141 165 165 148 164 164 147 173 173 146 167 167 148 173 173 146 168 168 150 167 167 148 173 173 146 174 174 153 168 168 150 174 174 153 163 163 146 168 168 150 157 157 141 155 155 134 168 168 150 155 155 134 170 170 151 168 168 150 155 155 134 162 162 145 170 170 151 162 162 145 175 175 152 170 170 151 175 175 152 176 176 154 170 170 151 176 176 154 177 177 155 170 170 151 176 176 154 161 161 144 177 177 155 161 161 144 160 160 133 177 177 155 169 169 141 178 178 143 167 167 148 178 178 143 146 146 135 167 167 148 178 178 143 179 179 156 146 146 135 179 179 156 180 180 140 146 146 135 165 165 148 166 166 149 148 148 137 166 166 149 153 153 139 148 148 137 166 166 149 147 147 137 153 153 139 171 171 145 181 181 144 143 143 134 181 181 144 142 142 133 143 143 134 181 181 144 177 177 155 142 142 133 181 181 144 182 182 154 177 177 155 182 182 154 170 170 151 177 177 155 182 182 154 172 172 152 170 170 151 11 11 14 10 10 13 155 155 134 10 10 13 6 6 6 155 155 134 156 156 140 183 183 156 154 154 135 183 183 156 159 159 143 154 154 135 163 163 146 165 165 148 168 168 150 165 165 148 157 157 141 168 168 150 160 160 133 141 141 132 177 177 155 141 141 132 142 142 133 177 177 155 169 169 141 143 143 134 180 180 140 143 143 134 146 146 135 180 180 140 180 180 140 184 184 142 169 169 141 184 184 142 178 178 143 169 169 141 185 185 157 186 186 158 187 187 159 186 186 158 188 188 157 187 187 159 186 186 158 189 189 160 188 188 157 189 189 160 190 190 161 188 188 157 189 189 160 191 191 162 190 190 161 191 191 162 192 192 163 190 190 161 191 191 162 193 193 164 192 192 163 193 193 164 194 194 162 192 192 163 193 193 164 195 195 165 194 194 162 195 195 165 196 196 166 194 194 162 195 195 165 197 197 167 196 196 166 197 197 167 198 198 168 196 196 166 197 197 167 199 199 166 198 198 168 199 199 166 200 200 169 198 198 168 199 199 166 191 191 162 200 200 169 201 201 170 202 202 161 185 185 157 202 202 161 203 203 160 185 185 157 202 202 161 194 194 162 203 203 160 194 194 162 204 204 171 203 203 160 194 194 162 205 205 172 204 204 171 205 205 172 206 206 173 204 204 171 205 205 172 207 207 174 206 206 173 207 207 174 208 208 172 206 206 173 207 207 174 200 200 169 208 208 172 200 200 169 191 191 162 208 208 172 185 185 157 203 203 160 186 186 158 203 203 160 209 209 175 186 186 158 203 203 160 204 204 171 209 209 175 204 204 171 206 206 173 209 209 175 191 191 162 189 189 160 208 208 172 189 189 160 210 210 171 208 208 172 189 189 160 186 186 158 210 210 171 186 186 158 209 209 175 210 210 171 171 171 145 211 211 176 181 181 144 211 211 176 182 182 154 181 181 144 211 211 176 172 172 152 182 182 154 180 180 140 212 212 177 184 184 142 212 212 177 178 178 143 184 184 142 212 212 177 179 179 156 178 178 143 173 173 146 213 213 178 174 174 153 213 213 178 163 163 146 174 174 153 213 213 178 164 164 147 163 163 146 161 161 144 214 214 176 162 162 145 214 214 176 175 175 152 162 162 145 214 214 176 176 176 154 175 175 152 158 158 142 215 215 177 156 156 140 215 215 177 183 183 156 156 156 140 215 215 177 159 159 143 183 183 156 197 197 167 195 195 165 199 199 166 195 195 165 191 191 162 199 199 166 195 195 165 193 193 164 191 191 162 188 188 157 190 190 161 216 216 170 190 190 161 217 217 179 216 216 170 190 190 161 218 218 180 217 217 179 190 190 161 192 192 163 218 218 180 192 192 163 219 219 181 218 218 180 192 192 163 220 220 180 219 219 181 198 198 168 200 200 169 196 196 166 200 200 169 194 194 162 196 196 166 201 201 170 221 221 179 202 202 161 221 221 179 220 220 180 202 202 161 220 220 180 192 192 163 202 202 161 192 192 163 194 194 162 202 202 161 207 207 174 205 205 172 200 200 169 205 205 172 194 194 162 200 200 169 208 208 172 210 210 171 206 206 173 210 210 171 209 209 175 206 206 173 172 172 152 211 211 176 171 171 145 179 179 156 212 212 177 180 180 140 164 164 147 213 213 178 173 173 146 161 161 144 176 176 154 214 214 176 158 158 142 159 159 143 215 215 177 222 222 182 223 223 183 224 224 184 223 223 183 225 225 185 224 224 184 223 223 183 226 226 186 225 225 185 226 226 186 227 227 187 225 225 185 226 226 186 228 228 188 227 227 187 228 228 188 229 229 189 227 227 187 228 228 188 230 230 190 229 229 189 230 230 190 231 231 191 229 229 189 230 230 190 232 232 192 231 231 191 232 232 192 233 233 193 231 231 191 232 232 192 234 234 194 233 233 193 234 234 194 235 235 195 233 233 193 234 234 194 236 236 196 235 235 195 236 236 196 237 237 197 235 235 195 236 236 196 238 238 198 237 237 197 238 238 198 239 239 199 237 237 197 238 238 198 240 240 200 239 239 199 240 240 200 241 241 201 239 239 199 240 240 200 242 242 202 241 241 201 242 242 202 243 243 203 241 241 201 242 242 202 244 244 204 243 243 203 244 244 204 245 245 205 243 243 203 244 244 204 246 246 206 245 245 205 246 246 206 247 247 207 245 245 205 246 246 206 248 248 208 247 247 207 248 248 208 249 249 209 247 247 207 248 248 208 250 250 207 249 249 209 250 250 207 251 251 210 249 249 209 250 250 207 252 252 211 251 251 210 252 252 211 253 253 212 251 251 210 252 252 211 254 254 213 253 253 212 254 254 213 187 187 159 253 253 212 254 254 213 185 185 157 187 187 159 255 255 214 256 256 184 257 257 215 256 256 184 258 258 216 257 257 215 256 256 184 259 259 182 258 258 216 259 259 182 260 260 217 258 258 216 259 259 182 261 261 218 260 260 217 261 261 218 262 262 219 260 260 217 261 261 218 263 263 220 262 262 219 263 263 220 264 264 221 262 262 219 263 263 220 265 265 222 264 264 221 265 265 222 266 266 223 264 264 221 265 265 222 267 267 224 266 266 223 267 267 224 268 268 225 266 266 223 267 267 224 269 269 226 268 268 225 269 269 226 270 270 227 268 268 225 269 269 226 271 271 228 270 270 227 271 271 228 272 272 229 270 270 227 271 271 228 273 273 230 272 272 229 273 273 230 274 274 231 272 272 229 273 273 230 275 275 232 274 274 231 275 275 232 276 276 206 274 274 231 275 275 232 277 277 204 276 276 206 277 277 204 278 278 205 276 276 206 277 277 204 279 279 203 278 278 205 279 279 203 280 280 233 278 278 205 279 279 203 281 281 234 280 280 233 281 281 234 282 282 235 280 280 233 281 281 234 283 283 236 282 282 235 283 283 236 284 284 237 282 282 235 283 283 236 285 285 187 284 284 237 285 285 187 286 286 185 284 284 237 285 285 187 287 287 186 286 286 185 287 287 186 288 288 183 286 286 185 185 185 157 254 254 213 201 201 170 254 254 213 289 289 238 201 201 170 254 254 213 252 252 211 289 289 238 252 252 211 278 278 205 289 289 238 252 252 211 250 250 207 278 278 205 250 250 207 276 276 206 278 278 205 250 250 207 248 248 208 276 276 206 248 248 208 290 290 239 276 276 206 248 248 208 246 246 206 290 290 239 246 246 206 291 291 231 290 290 239 246 246 206 292 292 232 291 291 231 292 292 232 293 293 230 291 291 231 292 292 232 240 240 200 293 293 230 240 240 200 294 294 228 293 293 230 240 240 200 295 295 240 294 294 228 295 295 240 296 296 224 294 294 228 295 295 240 297 297 222 296 296 224 297 297 222 298 298 223 296 296 224 297 297 222 299 299 221 298 298 223 299 299 221 300 300 241 298 298 223 301 301 242 302 302 243 303 303 244 302 302 243 304 304 245 303 303 244 302 302 243 305 305 246 304 304 245 305 305 246 306 306 247 304 304 245 305 305 246 307 307 248 306 306 247 307 307 248 308 308 249 306 306 247 307 307 248 309 309 247 308 308 249 309 309 247 310 310 250 308 308 249 309 309 247 311 311 245 310 310 250 311 311 245 312 312 244 310 310 250 311 311 245 302 302 243 312 312 244 302 302 243 313 313 242 312 312 244 302 302 243 314 314 251 313 313 242 314 314 251 315 315 252 313 313 242 314 314 251 301 301 242 315 315 252 301 301 242 316 316 253 315 315 252 301 301 242 303 303 244 316 316 253 303 303 244 317 317 250 316 316 253 303 303 244 304 304 245 317 317 250 304 304 245 306 306 247 317 317 250 287 287 186 285 285 187 318 318 188 285 285 187 319 319 189 318 318 188 285 285 187 320 320 254 319 319 189 320 320 254 321 321 191 319 319 189 320 320 254 322 322 255 321 321 191 322 322 255 323 323 193 321 321 191 322 322 255 324 324 256 323 323 193 324 324 256 325 325 195 323 323 193 324 324 256 326 326 257 325 325 195 326 326 257 327 327 197 325 325 195 326 326 257 328 328 258 327 327 197 328 328 258 329 329 199 327 327 197 328 328 258 330 330 201 329 329 199 330 330 201 331 331 200 329 329 199 330 330 201 332 332 202 331 331 200 332 332 202 275 275 232 331 331 200 332 332 202 277 277 204 275 275 232 297 297 222 333 333 220 299 299 221 333 333 220 334 334 219 299 299 221 333 333 220 335 335 218 334 334 219 335 335 218 336 336 217 334 334 219 335 335 218 222 222 182 336 336 217 222 222 182 337 337 216 336 336 217 222 222 182 224 224 184 337 337 216 224 224 184 338 338 215 337 337 216 224 224 184 339 339 214 338 338 215 339 339 214 217 217 179 338 338 215 339 339 214 340 340 259 217 217 179 340 340 259 216 216 170 217 217 179 340 340 259 341 341 260 216 216 170 341 341 260 342 342 238 216 216 170 341 341 260 343 343 233 342 342 238 343 343 233 245 245 205 342 342 238 343 343 233 243 243 203 245 245 205 331 331 200 344 344 198 329 329 199 344 344 198 327 327 197 329 329 199 344 344 198 345 345 196 327 327 197 345 345 196 325 325 195 327 327 197 345 345 196 346 346 194 325 325 195 346 346 194 323 323 193 325 325 195 346 346 194 347 347 192 323 323 193 347 347 192 321 321 191 323 323 193 347 347 192 348 348 190 321 321 191 348 348 190 319 319 189 321 321 191 348 348 190 318 318 188 319 319 189 224 224 184 225 225 185 339 339 214 225 225 185 340 340 259 339 339 214 225 225 185 349 349 237 340 340 259 349 349 237 341 341 260 340 340 259 349 349 237 350 350 235 341 341 260 350 350 235 343 343 233 341 341 260 350 350 235 351 351 234 343 343 233 351 351 234 243 243 203 343 343 233 351 351 234 241 241 201 243 243 203 225 225 185 227 227 187 349 349 237 227 227 187 352 352 236 349 349 237 227 227 187 353 353 254 352 352 236 353 353 254 351 351 234 352 352 236 353 353 254 354 354 255 351 351 234 354 354 255 355 355 256 351 351 234 354 354 255 233 233 193 355 355 256 233 233 193 235 235 195 355 355 256 217 217 179 218 218 180 338 338 215 218 218 180 356 356 261 338 338 215 218 218 180 219 219 181 356 356 261 219 219 181 357 357 262 356 356 261 219 219 181 358 358 261 357 357 262 358 358 261 359 359 263 357 357 262 269 269 226 267 267 224 271 271 228 267 267 224 360 360 240 271 271 228 267 267 224 265 265 222 360 360 240 265 265 222 331 331 200 360 360 240 265 265 222 263 263 220 331 331 200 263 263 220 344 344 198 331 331 200 361 361 264 362 362 265 272 272 229 362 362 265 270 270 227 272 272 229 362 362 265 363 363 266 270 270 227 363 363 266 364 364 267 270 270 227 363 363 266 365 365 268 364 364 267 365 365 268 366 366 269 364 364 267 367 367 270 368 368 267 369 369 271 368 368 267 370 370 225 369 369 271 368 368 267 371 371 227 370 370 225 371 371 227 372 372 226 370 370 225 371 371 227 294 294 228 372 372 226 294 294 228 296 296 224 372 372 226 373 373 263 374 374 272 375 375 273 374 374 272 376 376 274 375 375 273 374 374 272 377 377 273 376 376 274 377 377 273 378 378 275 376 376 274 377 377 273 379 379 276 378 378 275 379 379 276 380 380 277 378 378 275 249 249 209 251 251 210 247 247 207 251 251 210 381 381 211 247 247 207 251 251 210 253 253 212 381 381 211 253 253 212 382 382 213 381 381 211 253 253 212 187 187 159 382 382 213 187 187 159 188 188 157 382 382 213 219 219 181 220 220 180 358 358 261 220 220 180 257 257 215 358 358 261 220 220 180 221 221 179 257 257 215 221 221 179 255 255 214 257 257 215 221 221 179 383 383 259 255 255 214 276 276 206 290 290 239 274 274 231 290 290 239 384 384 278 274 274 231 290 290 239 385 385 279 384 384 278 385 385 279 361 361 264 384 384 278 385 385 279 386 386 280 361 361 264 270 270 227 364 364 267 268 268 225 364 364 267 387 387 271 268 268 225 364 364 267 367 367 270 387 387 271 367 367 270 388 388 281 387 387 271 367 367 270 369 369 271 388 388 281 223 223 282 222 222 283 226 226 284 222 222 283 389 389 285 226 226 284 222 222 283 335 335 286 389 389 285 335 335 286 238 238 287 389 389 285 335 335 286 333 333 288 238 238 287 326 326 257 281 281 234 328 328 258 281 281 234 330 330 201 328 328 258 281 281 234 279 279 203 330 330 201 279 279 203 332 332 202 330 330 201 279 279 203 277 277 204 332 332 202 386 386 280 385 385 279 390 390 264 385 385 279 391 391 278 390 390 264 385 385 279 290 290 239 391 391 278 290 290 239 291 291 231 391 391 278 355 355 256 392 392 257 351 351 234 392 392 257 393 393 258 351 351 234 392 392 257 237 237 197 393 393 258 237 237 197 239 239 199 393 393 258 394 394 289 71 71 75 395 395 290 71 71 75 396 396 291 395 395 290 71 71 75 70 70 69 396 396 291 70 70 69 74 74 70 396 396 291 397 397 75 75 75 77 365 365 289 75 75 77 366 366 292 365 365 289 75 75 77 72 72 76 366 366 292 72 72 76 73 73 77 366 366 292 364 364 267 366 366 269 367 367 270 366 366 269 368 368 267 367 367 270 366 366 269 394 394 268 368 368 267 394 394 268 395 395 266 368 368 267 356 356 261 357 357 262 373 373 263 357 357 262 374 374 272 373 373 263 357 357 262 359 359 263 374 374 272 359 359 263 377 377 273 374 374 272 288 288 282 287 287 284 259 259 283 287 287 284 398 398 285 259 259 283 287 287 284 318 318 293 398 398 285 318 318 293 348 348 294 398 398 285 259 259 182 256 256 184 288 288 183 256 256 184 286 286 185 288 288 183 256 256 184 255 255 214 286 286 185 255 255 214 383 383 259 286 286 185 310 310 250 399 399 253 308 308 249 399 399 253 315 315 252 308 308 249 399 399 253 313 313 242 315 315 252 295 295 240 240 240 200 297 297 222 240 240 200 333 333 220 297 297 222 240 240 200 238 238 198 333 333 220 263 263 288 261 261 286 344 344 287 261 261 286 398 398 285 344 344 287 261 261 286 259 259 283 398 398 285 344 344 287 398 398 285 345 345 295 398 398 285 346 346 296 345 345 295 398 398 285 347 347 297 346 346 296 320 320 254 281 281 234 322 322 255 281 281 234 324 324 256 322 322 255 281 281 234 326 326 257 324 324 256 360 360 240 331 331 200 271 271 228 331 331 200 273 273 230 271 271 228 331 331 200 275 275 232 273 273 230 391 391 278 400 400 229 390 390 264 400 400 229 396 396 265 390 390 264 400 400 229 371 371 227 396 396 265 369 369 271 370 370 225 298 298 223 370 370 225 296 296 224 298 298 223 370 370 225 372 372 226 296 296 224 62 62 69 397 397 75 362 362 291 397 397 75 363 363 290 362 362 291 397 397 75 365 365 289 363 363 290 361 361 298 386 386 299 63 63 70 386 386 299 66 66 72 63 63 70 386 386 299 74 74 70 66 66 72 306 306 247 308 308 249 317 317 250 308 308 249 316 316 253 317 317 250 308 308 249 315 315 252 316 316 253 300 300 241 401 401 300 298 298 223 401 401 300 369 369 271 298 298 223 353 353 254 231 231 191 354 354 255 231 231 191 233 233 193 354 354 255 238 238 287 236 236 295 389 389 285 236 236 295 234 234 296 389 389 285 188 188 157 216 216 170 382 382 213 216 216 170 342 342 238 382 382 213 382 382 213 342 342 238 381 381 211 342 342 238 245 245 205 381 381 211 380 380 277 402 402 276 378 378 275 402 402 276 375 375 273 378 378 275 403 403 260 284 284 237 383 383 259 284 284 237 286 286 185 383 383 259 404 404 300 405 405 241 266 266 223 405 405 241 264 264 221 266 266 223 268 268 225 387 387 271 266 266 223 387 387 271 404 404 300 266 266 223 368 368 267 395 395 266 371 371 227 395 395 266 396 396 265 371 371 227 285 285 187 283 283 236 320 320 254 283 283 236 281 281 234 320 320 254 62 62 69 362 362 291 63 63 70 362 362 291 361 361 298 63 63 70 226 226 284 389 389 285 228 228 293 389 389 285 230 230 294 228 228 293 274 274 231 384 384 278 272 272 229 384 384 278 361 361 264 272 272 229 234 234 296 232 232 297 389 389 285 232 232 297 230 230 294 389 389 285 366 366 292 73 73 77 394 394 289 73 73 77 71 71 75 394 394 289 289 289 238 403 403 260 201 201 170 403 403 260 383 383 259 201 201 170 396 396 291 74 74 70 390 390 298 74 74 70 386 386 299 390 390 298 278 278 205 280 280 233 289 289 238 280 280 233 403 403 260 289 289 238 351 351 234 393 393 258 241 241 201 393 393 258 239 239 199 241 241 201 355 355 256 235 235 195 392 392 257 235 235 195 237 237 197 392 392 257 280 280 233 282 282 235 403 403 260 282 282 235 284 284 237 403 403 260 391 391 278 291 291 231 400 400 229 291 291 231 293 293 230 400 400 229 293 293 230 294 294 228 400 400 229 294 294 228 371 371 227 400 400 229 246 246 206 244 244 204 292 292 232 244 244 204 242 242 202 292 292 232 227 227 187 229 229 189 353 353 254 229 229 189 231 231 191 353 353 254 302 302 243 311 311 245 305 305 246 311 311 245 309 309 247 305 305 246 349 349 237 352 352 236 350 350 235 352 352 236 351 351 234 350 350 235 310 310 250 312 312 244 399 399 253 312 312 244 313 313 242 399 399 253 201 201 170 383 383 259 221 221 179 376 376 274 378 378 275 375 375 273 292 292 232 242 242 202 240 240 200 347 347 297 398 398 285 348 348 294 245 245 205 247 247 207 381 381 211 301 301 242 314 314 251 302 302 243 307 307 248 305 305 246 309 309 247 397 397 75 406 406 40 75 75 77 406 406 40 76 76 59 75 75 77 406 406 40 407 407 42 76 76 59 407 407 42 54 54 58 76 76 59 407 407 42 53 53 57 54 54 58 408 408 38 409 409 50 410 410 36 409 409 50 64 64 60 410 410 36 409 409 50 62 62 69 64 64 60 64 64 60 411 411 51 410 410 36 411 411 51 412 412 34 410 410 36 411 411 51 139 139 56 412 412 34 139 139 56 411 411 51 135 135 62 411 411 51 79 79 61 135 135 62 411 411 51 64 64 60 79 79 61 62 62 69 409 409 50 397 397 75 409 409 50 406 406 40 397 397 75 48 48 65 53 53 57 413 413 64 53 53 57 407 407 42 413 413 64 48 48 52 413 413 54 49 49 53 413 413 54 414 414 33 49 49 53 61 61 68 49 49 53 137 137 55 49 49 53 414 414 33 137 137 55 137 137 55 414 414 33 139 139 56 414 414 33 412 412 34 139 139 56 54 54 58 60 60 67 76 76 59 408 408 38 410 410 36 415 415 37 410 410 36 416 416 35 415 415 37 410 410 36 412 412 34 416 416 35 412 412 34 417 417 33 416 416 35 412 412 34 414 414 33 417 417 33 414 414 33 413 413 54 417 417 33 418 418 46 415 415 37 419 419 44 415 415 37 420 420 47 419 419 44 415 415 37 416 416 35 420 420 47 416 416 35 421 421 48 420 420 47 416 416 35 422 422 49 421 421 48 423 423 66 422 422 49 413 413 54 422 422 49 417 417 33 413 413 54 422 422 49 416 416 35 417 417 33 423 423 63 413 413 64 424 424 43 413 413 64 425 425 45 424 424 43 424 424 43 425 425 45 419 419 44 425 425 45 418 418 46 419 419 44 409 409 50 408 408 38 406 406 40 408 408 38 426 426 39 406 406 40 408 408 38 415 415 37 426 426 39 415 415 37 418 418 46 426 426 39 406 406 40 427 427 41 407 407 42 427 427 41 413 413 64 407 407 42 427 427 41 425 425 45 413 413 64 406 406 40 426 426 39 427 427 41 426 426 39 418 418 46 427 427 41 425 425 45 427 427 41 418 418 46 428 428 106 429 429 86 430 430 84 429 429 86 431 431 85 430 430 84 429 429 86 432 432 87 431 431 85 432 432 87 433 433 92 431 431 85 432 432 87 434 434 93 433 433 92 434 434 93 435 435 95 433 433 92 434 434 93 436 436 94 435 435 95 436 436 94 437 437 96 435 435 95 436 436 94 438 438 107 437 437 96 419 419 102 420 420 103 435 435 101 420 420 103 433 433 122 435 435 101 420 420 103 421 421 121 433 433 122 421 421 121 439 439 120 433 433 122 421 421 121 422 422 119 439 439 120 422 422 119 440 440 118 439 439 120 422 422 119 423 423 117 440 440 118 423 423 117 438 438 116 440 440 118 438 438 79 441 441 81 440 440 80 441 441 81 442 442 82 440 440 80 441 441 81 443 443 104 442 442 82 443 443 104 444 444 105 442 442 82 440 440 80 442 442 82 439 439 83 442 442 82 430 430 84 439 439 83 442 442 82 444 444 105 430 430 84 444 444 105 428 428 106 430 430 84 434 434 93 432 432 87 436 436 94 432 432 87 445 445 89 436 436 94 432 432 87 446 446 88 445 445 89 446 446 88 447 447 90 445 445 89 436 436 94 445 445 89 438 438 107 445 445 89 441 441 108 438 438 107 445 445 89 443 443 91 441 441 108 448 448 115 449 449 114 450 450 113 449 449 114 451 451 113 450 450 113 449 449 114 448 448 115 451 451 113 452 452 113 453 453 114 454 454 113 453 453 114 455 455 115 454 454 113 453 453 114 452 452 113 455 455 115 451 451 113 456 456 114 457 457 113 456 456 114 458 458 115 457 457 113 456 456 114 451 451 113 458 458 115 438 438 97 423 423 99 437 437 98 423 423 99 424 424 100 437 437 98 437 437 98 424 424 100 435 435 101 424 424 100 419 419 102 435 435 101 428 428 112 444 444 111 429 429 110 444 444 111 443 443 109 429 429 110 429 429 110 443 443 109 446 446 88 443 443 109 447 447 90 446 446 88 430 430 84 431 431 85 439 439 83 431 431 85 433 433 92 439 439 83 429 429 86 446 446 88 432 432 87 447 447 90 443 443 91 445 445 89 459 459 301 460 460 302 461 461 303 460 460 302 462 462 304 461 461 303 460 460 302 463 463 305 462 462 304 463 463 305 131 131 32 462 462 304 463 463 305 464 464 306 131 131 32 464 464 306 129 129 19 131 131 32 464 464 306 124 124 16 129 129 19 119 119 29 465 465 307 118 118 28 465 465 307 466 466 308 118 118 28 465 465 307 467 467 309 466 466 308 467 467 309 468 468 310 466 466 308 118 118 28 466 466 308 120 120 27 466 466 308 461 461 303 120 120 27 466 466 308 468 468 310 461 461 303 468 468 310 459 459 301 461 461 303 460 460 302 469 469 311 463 463 305 469 469 311 470 470 312 463 463 305 469 469 311 471 471 313 470 470 312 471 471 313 467 467 314 470 470 312 472 472 113 473 473 114 474 474 113 473 473 114 475 475 315 474 474 113 473 473 114 472 472 113 475 475 315 476 476 113 477 477 114 472 472 113 477 477 114 478 478 315 472 472 113 477 477 114 476 476 113 478 478 315 479 479 315 480 480 114 474 474 113 480 480 114 481 481 113 474 474 113 480 480 114 479 479 315 481 481 113 470 470 312 482 482 316 463 463 305 482 482 316 464 464 306 463 463 305 482 482 316 124 124 16 464 464 306 459 459 317 468 468 318 460 460 319 468 468 318 467 467 320 460 460 319 460 460 319 467 467 320 469 469 311 467 467 320 471 471 313 469 469 311 467 467 314 465 465 321 470 470 312 465 465 321 119 119 15 470 470 312 461 461 303 462 462 304 120 120 27 462 462 304 131 131 32 120 120 27 124 124 16 482 482 316 119 119 15 482 482 316 470 470 312 119 119 15 12 12 29 25 25 28 483 483 307 25 25 28 484 484 308 483 483 307 25 25 28 24 24 27 484 484 308 24 24 27 485 485 303 484 484 308 24 24 27 486 486 304 485 485 303 486 486 304 487 487 302 485 485 303 486 486 304 488 488 305 487 487 302 488 488 305 489 489 311 487 487 302 488 488 305 490 490 312 489 489 311 490 490 312 491 491 313 489 489 311 490 490 312 492 492 314 491 491 313 492 492 314 490 490 312 483 483 321 490 490 312 12 12 15 483 483 321 490 490 312 493 493 316 12 12 15 493 493 316 13 13 16 12 12 15 493 493 316 494 494 306 13 13 16 494 494 306 16 16 19 13 13 16 494 494 306 27 27 32 16 16 19 495 495 317 487 487 319 496 496 318 487 487 319 492 492 320 496 496 318 487 487 319 489 489 311 492 492 320 489 489 311 491 491 313 492 492 320 490 490 312 488 488 305 493 493 316 488 488 305 494 494 306 493 493 316 488 488 305 27 27 32 494 494 306 497 497 113 498 498 114 499 499 315 498 498 114 500 500 113 499 499 315 498 498 114 497 497 113 500 500 113 497 497 113 501 501 114 502 502 113 501 501 114 503 503 315 502 502 113 501 501 114 497 497 113 503 503 315 500 500 113 504 504 114 505 505 315 504 504 114 506 506 113 505 505 315 504 504 114 500 500 113 506 506 113 24 24 27 27 27 32 486 486 304 27 27 32 488 488 305 486 486 304 487 487 302 495 495 301 485 485 303 495 495 301 496 496 310 485 485 303 485 485 303 496 496 310 484 484 308 496 496 310 492 492 309 484 484 308 492 492 309 483 483 307 484 484 308 507 507 322 508 508 323 509 509 324 508 508 323 510 510 325 509 509 324 508 508 323 511 511 326 510 510 325 511 511 326 512 512 327 510 510 325 511 511 326 513 513 328 512 512 327 513 513 328 514 514 329 512 512 327 513 513 328 515 515 330 514 514 329 515 515 330 516 516 331 514 514 329 515 515 330 517 517 332 516 516 331 517 517 332 518 518 333 516 516 331 517 517 332 515 515 330 519 519 334 515 515 330 520 520 331 519 519 334 515 515 330 521 521 329 520 520 331 521 521 329 522 522 335 520 520 331 521 521 329 511 511 326 522 522 335 511 511 326 523 523 336 522 522 335 511 511 326 508 508 323 523 523 336 508 508 323 524 524 325 523 523 336 507 507 322 525 525 324 508 508 323 525 525 324 524 524 325 508 508 323 525 525 324 526 526 337 524 524 325 526 526 337 527 527 326 524 524 325 526 526 337 512 512 327 527 527 326 512 512 327 514 514 329 527 527 326 524 524 325 527 527 326 523 523 336 527 527 326 522 522 335 523 523 336 527 527 326 514 514 329 522 522 335 514 514 329 528 528 338 522 522 335 514 514 329 516 516 331 528 528 338 516 516 331 518 518 333 528 528 338 512 512 327 526 526 337 510 510 325 526 526 337 509 509 324 510 510 325 526 526 337 529 529 339 509 509 324 518 518 333 530 530 332 528 528 338 530 530 332 520 520 331 528 528 338 530 530 332 519 519 334 520 520 331 511 511 326 521 521 329 513 513 328 521 521 329 515 515 330 513 513 328 529 529 339 526 526 337 525 525 324 528 528 338 520 520 331 522 522 335 517 517 332 531 531 340 518 518 333 531 531 340 532 532 341 518 518 333 531 531 340 533 533 342 532 532 341 533 533 342 534 534 343 532 532 341 533 533 342 535 535 344 534 534 343 535 535 344 536 536 345 534 534 343 535 535 344 537 537 346 536 536 345 537 537 346 538 538 347 536 536 345 537 537 346 539 539 348 538 538 347 539 539 348 540 540 349 538 538 347 518 518 333 532 532 341 530 530 332 532 532 341 541 541 350 530 530 332 532 532 341 542 542 351 541 541 350 542 542 351 543 543 343 541 541 350 542 542 351 544 544 352 543 543 343 544 544 352 545 545 345 543 543 343 544 544 352 538 538 347 545 545 345 538 538 347 546 546 346 545 545 345 538 538 347 540 540 349 546 546 346 540 540 349 547 547 353 546 546 346 548 548 354 549 549 355 550 550 356 549 549 355 551 551 354 550 550 356 549 549 355 552 552 357 551 551 354 552 552 357 553 553 358 551 551 354 552 552 357 554 554 359 553 553 358 530 530 332 541 541 350 519 519 334 541 541 350 555 555 341 519 519 334 541 541 350 543 543 343 555 555 341 543 543 343 533 533 342 555 555 341 543 543 343 535 535 344 533 533 342 539 539 348 537 537 346 556 556 349 537 537 346 547 547 353 556 556 349 537 537 346 557 557 360 547 547 353 557 557 360 546 546 346 547 547 353 557 557 360 545 545 345 546 546 346 548 548 354 558 558 357 549 549 355 558 558 357 559 559 361 549 549 355 558 558 357 560 560 359 559 559 361 560 560 359 561 561 362 559 559 361 532 532 341 534 534 343 542 542 351 534 534 343 544 544 352 542 542 351 534 534 343 536 536 345 544 544 352 536 536 345 538 538 347 544 544 352 560 560 363 562 562 364 561 561 365 562 562 364 550 550 366 561 561 365 562 562 364 548 548 367 550 550 366 551 551 367 553 553 364 550 550 366 553 553 364 561 561 365 550 550 366 553 553 364 554 554 363 561 561 365 537 537 346 535 535 344 557 557 360 535 535 344 545 545 345 557 557 360 535 535 344 543 543 343 545 545 345 561 561 362 554 554 359 559 559 361 554 554 359 552 552 357 559 559 361 560 560 359 558 558 357 562 562 358 558 558 357 548 548 354 562 562 358 533 533 342 531 531 340 555 555 341 531 531 340 517 517 332 555 555 341 549 549 355 559 559 361 552 552 357 517 517 332 519 519 334 555 555 341</p>
        </triangles>
        <triangles material="Material__323" count="16">
          <input semantic="VERTEX" source="#Shinx-mesh-vertices" offset="0"/>
          <input semantic="NORMAL" source="#Shinx-mesh-normals" offset="1"/>
          <input semantic="TEXCOORD" source="#Shinx-mesh-map-channel1" offset="2" set="1"/>
          <p>379 379 368 377 377 369 262 262 370 377 377 369 260 260 371 262 262 370 377 377 369 258 258 372 260 260 371 299 299 373 334 334 370 300 300 374 334 334 370 402 402 368 300 300 374 334 334 370 375 375 369 402 402 368 375 375 369 337 337 372 373 373 375 337 337 372 356 356 376 373 373 375 337 337 372 563 563 377 356 356 376 264 264 373 405 405 374 262 262 370 405 405 374 379 379 368 262 262 370 377 377 369 359 359 375 258 258 372 359 359 375 358 358 376 258 258 372 334 334 370 336 336 371 375 375 369 336 336 371 337 337 372 375 375 369 358 358 376 257 257 377 258 258 372</p>
        </triangles>
        <triangles material="Material__324" count="12">
          <input semantic="VERTEX" source="#Shinx-mesh-vertices" offset="0"/>
          <input semantic="NORMAL" source="#Shinx-mesh-normals" offset="1"/>
          <input semantic="TEXCOORD" source="#Shinx-mesh-map-channel1" offset="2" set="1"/>
          <p>387 387 378 388 388 379 404 404 380 388 388 379 564 564 381 404 404 380 388 388 379 401 401 380 564 564 381 401 401 380 565 565 382 564 564 381 401 401 380 300 300 383 565 565 382 300 300 383 380 380 384 565 565 382 300 300 383 402 402 385 380 380 384 564 564 381 565 565 382 404 404 380 565 565 382 405 405 383 404 404 380 565 565 382 380 380 384 405 405 383 380 380 384 379 379 385 405 405 383 369 369 378 401 401 380 388 388 379</p>
        </triangles>
      </mesh>
    </geometry>
  </library_geometries>
  <library_controllers>
    <controller id="Shinx-mesh-skin">
      <skin source="#Shinx-mesh">
        <bind_shape_matrix>1 0 0 0 0 1 0 0 0 0 1 0 0 0 0 1</bind_shape_matrix>
        <source id="Shinx-mesh-skin-joints">
          <Name_array id="Shinx-mesh-skin-joints-array" count="27">Bone1 Bone2 Bone3 Bone4 Bone5 Bone6 Bone7 Bone8 Bone9 Bone10 Bone11 Bone12 Bone13 Bone14 Bone15 Bone16 Bone17 Bone18 Bone19 Bone20 Bone21 Bone22 Bone23 Bone24 Bone25 Bone26 Bone27</Name_array>
          <technique_common>
            <accessor source="#Shinx-mesh-skin-joints-array" count="27" stride="1">
              <param name="JOINT" type="Name"/>
            </accessor>
          </technique_common>
        </source>
        <source id="Shinx-mesh-skin-bind_poses">
          <float_array id="Shinx-mesh-skin-bind_poses-array" count="432">1 0 0 0 0 0.000000 1 -1.15253 0 -1 0.000000 0.444842 0 0 0 1 1 0 0 0 0 1 0 -0.684544 0 0 1 -1.21337 0 0 0 1 1 0 0 -0.395318 0 0.058108 -0.99831 1.07059 0 0.99831 0.058108 -0.51066 0 0 0 1 1 0 0 -0.395318 0 0.229578 -0.97329 0.397299 0 0.97329 0.229578 -0.588077 0 0 0 1 1 0 0 -0.395318 0 -0.949072 -0.31506 0.585161 0 0.31506 -0.949072 -0.058877 0 0 0 1 1 0 0 -0.395318 0 -1 0.000000 0.348019 0 -0.000000 -1 0.053494 0 0 0 1 1 0 0 0.395318 0 0.058108 -0.99831 1.07059 0 0.99831 0.058108 -0.51066 0 0 0 1 1 0 0 0.395318 0 0.229578 -0.97329 0.397298 0 0.97329 0.229578 -0.588077 0 0 0 1 1 0 0 0.395318 0 -0.949072 -0.31506 0.58516 0 0.31506 -0.949072 -0.058878 0 0 0 1 1 0 0 0.395318 0 -1 -0.000000 0.34802 0 0.000000 -1 0.053492 0 0 0 1 1 0 0 0 0 -1 0.000000 -0.145685 0 -0.000000 -1 1.19036 0 0 0 1 1 0 0 0 0 0.000000 1 -1.64323 0 -1 0.000000 -0.928063 0 0 0 1 1 0 0 0 0 -0.505361 0.862908 -3.4995 0 -0.862908 -0.505361 0.621668 0 0 0 1 0.000000 -0.000000 -1 2.48493 1 0 0.000000 -1.0149 0 -1 0.000000 -1.27521 0 0 0 1 0.000000 0.000000 1 -2.48493 -1 0 0.000000 -1.0149 0 -1 0.000000 -1.27521 0 0 0 1 1 0 0 -0.384916 0 0.100842 -0.994902 1.11358 0 0.994902 0.100842 0.753966 0 0 0 1 1 0 0 -0.384916 0 -0.008158 -0.999967 0.505198 0 0.999967 -0.008158 0.813856 0 0 0 1 1 0 0 -0.384916 0 -0.932953 -0.359997 -0.70899 0 0.359997 -0.932953 0.420314 0 0 0 1 1 0 0 -0.384916 0 -1 0.000001 -1.02295 0 -0.000001 -1 0.055793 0 0 0 1 1 0 0 0.384916 0 0.100052 -0.994982 1.11298 0 0.994982 0.100052 0.75485 0 0 0 1 1 0 0 0.384916 0 -0.007 -0.999976 0.506304 0 0.999976 -0.007 0.813706 0 0 0 1 1 0 0 0.384916 0 -0.932955 -0.359993 -0.708993 0 0.359993 -0.932955 0.420311 0 0 0 1 1 0 0 0.384916 0 -1 0.000001 -1.02295 0 -0.000001 -1 0.055793 0 0 0 1 1 0 0 0 0 1 0 -0.880038 0 0 1 -1.19608 0 0 0 1 1 0 0 0 0 1 0 -1.628 0 0 1 -1.19608 0 0 0 1 1 0 0 0 0 1 0 -2.30667 0 0 1 -1.19608 0 0 0 1 1 0 0 0 0 1 0 -3.01109 0 0 1 -1.19608 0 0 0 1</float_array>
          <technique_common>
            <accessor source="#Shinx-mesh-skin-bind_poses-array" count="27" stride="16">
              <param name="TRANSFORM" type="float4x4"/>
            </accessor>
          </technique_common>
        </source>
        <source id="Shinx-mesh-skin-weights">
          <float_array id="Shinx-mesh-skin-weights-array" count="566">1 0.6 0.4 0.3 0.5 0.2 0.8 0.2 0.2 0.8 0.7 0.3 0.5 0.5 0.3 0.7 0.6 0.4 0.5 0.5 0.3 0.7 0.7 0.3 0.7 0.3 0.2 0.8 0.1 0.9 0.7 0.3 0.2 0.8 0.2 0.8 0.8 0.2 0.8 0.2 0.8 0.2 0.2 0.8 0.2 0.8 0.7 0.3 0.7 0.3 0.8 0.2 0.7 0.3 0.9 0.1 0.1 0.8 0.1 0.3 0.7 0.1 0.3 0.6 0.7 0.3 0.3 0.7 0.1 0.9 0.9 0.1 0.1 0.1 0.8 0.9 0.1 0.3 0.7 0.3 0.7 0.9 0.1 0.9 0.1 0.1 0.9 0.5 0.5 0.4 0.6 0.4 0.6 0.4 0.6 0.4 0.6 0.4 0.6 0.8 0.2 0.8 0.2 0.2 0.8 0.8 0.2 0.2 0.7 0.1 0.2 0.8 0.4 0.6 0.8 0.2 0.8 0.2 0.8 0.2 0.8 0.2 0.8 0.2 0.8 0.2 0.4 0.6 0.4 0.6 0.4 0.6 0.7 0.3 0.7 0.3 0.2 0.8 0.7 0.3 0.2 0.8 0.7 0.3 0.7 0.3 0.7 0.3 0.3 0.7 0.3 0.7 0.4 0.6 0.4 0.6 0.8 0.2 0.8 0.2 0.8 0.2 0.2 0.8 0.2 0.8 0.7 0.3 0.7 0.3 0.7 0.3 0.2 0.8 0.2 0.8 0.8 0.2 0.7 0.3 0.1 0.9 0.2 0.8 0.4 0.6 0.2 0.8 0.7 0.3 0.4 0.6 0.7 0.3 0.9 0.1 0.6 0.4 0.4 0.6 0.6 0.2 0.2 0.4 0.6 0.5 0.2 0.3 0.4 0.6 0.7 0.3 0.9 0.1 0.9 0.1 0.7 0.3 0.8 0.2 0.9 0.1 0.1 0.9 0.4 0.6 0.2 0.6 0.2 0.9 0.1 0.9 0.1 0.5 0.5 0.9 0.1 0.5 0.5 0.5 0.5 0.9 0.1 0.5 0.5 0.5 0.5 0.5 0.5 0.5 0.5 0.9 0.1 0.9 0.1 0.9 0.1 0.9 0.1 0.5 0.5 0.5 0.5 0.5 0.5 0.5 0.5 0.5 0.5 0.5 0.5 0.9 0.1 0.5 0.5 0.5 0.5 0.5 0.5 0.5 0.5 0.5 0.5 0.5 0.5 0.5 0.5 0.9 0.1 0.5 0.5 0.9 0.1 0.4 0.6 0.9 0.1 0.3 0.7 0.4 0.6 0.2 0.8 0.2 0.8 0.2 0.8 0.2 0.8 0.2 0.8 0.9 0.1 0.5 0.5 0.2 0.8 0.2 0.8 0.2 0.8 0.2 0.8 0.2 0.8 0.2 0.8 0.9 0.1 0.9 0.1 0.9 0.1 0.3 0.7 0.3 0.7 0.3 0.7 0.3 0.7 0.9 0.1 0.3 0.7 0.9 0.1 0.9 0.1 0.9 0.1 0.9 0.1 0.9 0.1 0.9 0.1 0.9 0.1 0.3 0.7 0.9 0.1 0.3 0.7 0.9 0.1 0.3 0.7 0.9 0.1 0.3 0.7 0.9 0.1 0.3 0.7 0.3 0.7 0.9 0.1 0.9 0.1 0.9 0.1 0.9 0.1 0.9 0.1 0.3 0.7 0.9 0.1 0.9 0.1 0.3 0.7 0.3 0.7 0.3 0.7 0.8 0.2 0.3 0.7 0.9 0.1 0.9 0.1 0.9 0.1 0.7 0.3 0.9 0.1 0.1 0.8 0.1 0.5 0.5 0.9 0.1 0.7 0.3 0.1 0.6 0.3 0.7 0.3 0.7 0.3 0.7 0.3 0.9 0.1 0.1 0.8 0.1 0.2 0.8 0.7 0.3 0.7 0.3 0.7 0.3 0.7 0.3 0.7 0.3 0.7 0.3 0.2 0.8 0.3 0.7 0.3 0.7 0.3 0.7 0.4 0.6 0.3 0.7 0.5 0.5 0.4 0.6 0.3 0.7 0.4 0.6 0.3 0.7 0.3 0.7 0.5 0.5 0.4 0.6 0.4 0.6 0.4 0.6 0.3 0.7 0.5 0.5 0.5 0.5 0.1 0.7 0.2 0.1 0.7 0.2 0.5 0.5 0.5 0.5 0.4 0.6 0.4 0.6 0.1 0.8 0.1 0.1 0.8 0.1 0.1 0.8 0.1 0.4 0.6 0.5 0.5 0.5 0.5 0.1 0.7 0.2 0.5 0.5 0.5 0.5 0.1 0.7 0.2 0.4 0.6 0.1 0.8 0.1 0.5 0.5 0.5 0.5 0.3 0.7 0.3 0.7 0.5 0.5 0.5 0.5 0.4 0.6 0.4 0.6 0.5 0.5 0.3 0.7 0.3 0.7 0.5 0.5 0.5 0.5 0.4 0.6 0.5 0.5 0.4 0.6</float_array>
          <technique_common>
            <accessor source="#Shinx-mesh-skin-weights-array" count="566" stride="1">
              <param name="WEIGHT" type="float"/>
            </accessor>
          </technique_common>
        </source>
        <joints>
          <input semantic="JOINT" source="#Shinx-mesh-skin-joints"/>
          <input semantic="INV_BIND_MATRIX" source="#Shinx-mesh-skin-bind_poses"/>
        </joints>
        <vertex_weights count="566">
          <input semantic="JOINT" source="#Shinx-mesh-skin-joints" offset="0"/>
          <input semantic="WEIGHT" source="#Shinx-mesh-skin-weights" offset="1"/>
          <vcount>2 3 2 2 2 1 2 2 1 2 2 2 2 2 2 2 2 2 2 2 2 2 2 2 2 2 2 2 2 3 2 3 2 2 1 2 2 3 2 1 1 2 2 1 1 1 2 2 1 2 2 2 2 1 1 1 1 2 2 1 1 2 2 2 1 2 2 3 2 2 2 2 2 2 2 2 1 2 2 2 2 2 1 2 2 2 1 1 1 1 1 1 1 2 1 1 2 2 1 1 1 1 1 1 1 1 1 2 1 1 2 2 2 2 2 2 2 2 2 2 2 2 2 2 2 2 2 2 2 2 2 2 2 2 1 2 3 2 3 2 2 1 2 2 2 2 2 1 1 2 2 3 1 1 2 2 2 2 2 2 2 2 2 2 2 2 2 2 1 2 1 2 2 2 2 2 2 2 2 2 2 2 2 2 2 1 2 1 1 2 2 2 2 2 2 2 2 1 2 2 2 1 2 2 2 2 1 2 2 2 2 1 1 1 1 1 1 1 1 1 1 1 2 2 1 2 2 2 1 1 1 1 1 1 1 1 1 1 2 2 2 2 2 2 1 1 1 1 1 1 1 1 1 1 1 1 1 1 1 2 1 2 1 2 1 1 1 1 1 1 1 1 1 1 1 1 1 1 1 2 2 2 2 2 2 2 2 2 2 1 1 1 1 1 1 1 1 1 1 1 1 1 1 1 1 1 1 1 1 1 1 1 1 1 1 1 1 1 1 1 1 1 1 1 1 1 1 1 1 2 2 2 2 2 1 2 1 1 1 1 1 1 1 2 2 1 1 1 1 2 2 2 2 1 1 1 1 1 1 1 1 1 1 1 1 1 1 1 1 1 1 1 1 1 1 1 1 1 1 1 1 1 1 1 1 1 1 1 1 2 1 1 1 1 1 1 1 2 2 1 1 1 1 1 1 1 2 2 1 2 2 2 3 2 2 2 3 2 2 1 1 1 1 1 1 2 2 3 1 1 2 1 1 2 1 2 1 2 2 2 2 1 2 1 1 1 1 1 1 1 1 1 1 1 1 2 1 1 2 1 1 2 1 1 2 1 2 2 1 1 1 1 1 1 1 2 1 1 2 1 1 1 2 1 2 2 1 1 1 1 1 1 2 2 2 1 1 1 1 2 1 1 1 2 1 1 1 1 2 1 2 3 3 2 2 2 2 3 3 3 2 2 2 3 2 1 2 3 2 1 3 2 2 2 2 2 2 2 2 1 1 2 2 2 2 2 2 1 1 1 1 1 1 1 1 2 1 2 1 1 1 1 1 1 1 1 </vcount>
          <v>2 1 0 2 2 3 0 4 10 5 2 6 0 7 2 8 0 9 0 10 10 11 0 0 2 12 0 13 2 14 0 15 0 0 2 16 0 17 2 18 0 19 2 20 0 21 3 22 4 23 3 24 4 25 2 26 3 27 0 28 3 29 3 30 4 31 2 32 3 33 2 34 3 35 2 36 3 37 2 38 3 39 2 40 3 41 2 42 3 43 2 44 3 45 3 46 4 47 3 48 4 49 2 50 3 51 3 52 4 53 10 54 16 55 0 56 10 57 15 58 16 59 15 60 10 61 16 62 15 63 10 64 15 65 16 66 15 67 15 0 16 68 15 69 10 70 15 71 10 72 16 73 15 74 10 75 16 76 16 0 16 0 16 77 15 78 16 79 15 80 16 0 16 0 16 0 10 81 15 82 10 83 15 84 10 0 0 85 10 86 10 87 15 88 0 89 10 90 0 91 10 92 10 0 10 0 10 0 10 0 0 93 10 94 0 95 10 96 16 0 10 0 0 97 10 98 10 99 11 100 10 101 11 102 10 0 0 103 10 104 10 105 11 106 0 107 10 108 11 109 0 110 10 111 0 112 10 113 10 114 11 115 10 116 11 117 10 118 11 119 10 120 11 121 10 122 11 123 10 124 11 125 10 0 0 126 10 127 0 128 10 129 0 130 10 131 16 132 17 133 16 134 17 135 17 0 16 136 17 137 16 138 17 139 16 140 17 141 17 0 17 0 17 0 17 0 17 0 17 0 17 0 16 142 17 143 17 0 17 0 16 144 17 145 16 146 17 147 17 0 17 0 17 0 18 0 17 0 17 0 17 0 18 0 17 0 16 148 17 149 17 0 18 0 16 150 17 151 0 152 6 153 0 154 6 155 6 156 7 157 6 158 7 159 6 160 7 161 6 162 7 163 6 164 7 165 7 166 8 167 7 168 8 169 7 170 8 171 6 172 7 173 6 174 7 175 6 176 7 177 7 178 8 179 0 180 7 181 0 182 6 183 0 184 6 185 6 186 7 187 7 188 8 189 0 190 6 191 7 192 8 193 0 194 6 195 0 196 6 197 6 0 0 198 10 199 0 200 10 201 6 202 0 203 10 204 0 205 10 206 6 207 0 208 10 209 0 210 6 211 0 0 0 212 1 213 0 214 1 215 0 216 6 217 0 218 6 219 0 220 1 221 0 0 0 0 2 222 0 223 2 224 0 225 2 226 0 227 10 228 2 0 0 0 0 229 1 230 0 231 1 232 0 233 1 234 0 235 1 236 0 237 1 238 0 239 1 240 0 241 1 242 0 243 1 244 0 245 1 246 0 247 1 248 0 249 1 250 0 251 1 252 0 253 1 254 0 255 1 256 0 0 0 257 1 258 0 0 0 259 1 260 0 261 1 262 0 263 1 264 0 265 1 266 0 267 1 268 0 269 1 270 0 271 1 272 0 273 1 274 0 275 1 276 0 277 1 278 0 279 1 280 0 281 1 282 0 283 1 284 0 285 1 286 11 0 11 287 12 288 11 0 11 0 11 289 12 290 11 291 12 292 11 293 12 294 11 295 12 296 11 297 12 298 11 299 12 300 11 301 12 302 11 303 12 304 12 0 11 305 12 306 11 307 12 308 11 309 12 310 11 0 11 311 12 312 11 313 12 314 11 315 12 316 11 317 12 318 12 0 11 319 12 320 11 321 12 322 11 323 12 324 11 325 12 326 1 0 1 0 1 0 1 0 1 0 11 0 11 0 11 0 11 0 11 0 11 0 11 327 13 328 11 329 13 330 11 0 11 331 13 332 11 333 13 334 11 335 13 336 13 0 13 0 13 0 13 0 13 0 13 0 13 0 13 0 13 0 13 0 11 337 13 338 11 339 13 340 11 341 13 342 11 343 13 344 11 345 13 346 11 347 13 348 11 0 11 0 11 0 11 0 11 0 11 0 11 0 11 0 11 0 11 0 11 0 11 0 11 0 11 0 11 0 11 349 14 350 11 0 11 351 14 352 11 0 11 353 14 354 11 0 11 0 11 0 11 0 11 0 11 0 11 0 11 0 11 0 11 0 11 0 11 0 11 0 11 0 11 0 11 355 14 356 11 357 14 358 11 359 14 360 11 361 14 362 11 363 14 364 11 365 14 366 11 367 14 368 11 369 14 370 11 371 14 372 11 373 14 374 11 0 11 0 11 0 11 0 11 0 11 0 11 0 11 0 11 0 11 0 11 0 11 0 11 0 11 0 11 0 11 0 11 0 11 0 11 0 11 0 11 0 11 0 11 0 11 0 11 0 11 0 11 0 11 0 11 0 14 0 14 0 14 0 14 0 14 0 14 0 14 0 14 0 14 0 14 0 14 0 11 375 14 376 11 377 14 378 11 379 14 380 11 381 14 382 11 383 13 384 11 0 11 385 13 386 11 0 11 0 11 0 11 0 11 0 11 0 11 0 11 387 13 388 11 389 14 390 14 0 14 0 14 0 14 0 11 391 13 392 11 393 13 394 11 395 13 396 11 397 13 398 13 0 13 0 13 0 11 0 11 0 11 0 11 0 11 0 11 0 11 0 11 0 11 0 11 0 11 0 11 0 11 0 11 0 11 0 11 0 11 0 11 0 11 0 11 0 11 0 11 0 11 0 11 0 11 0 11 0 11 0 11 0 11 0 11 0 11 0 11 0 11 0 11 399 13 400 11 0 11 0 13 0 13 0 11 0 11 0 11 0 10 401 11 402 11 403 14 404 11 0 11 0 11 0 11 0 11 0 11 0 11 0 10 405 19 406 10 407 20 408 19 0 10 409 19 410 10 411 19 412 10 413 19 414 0 415 10 416 19 417 10 418 19 419 10 420 20 421 19 422 20 423 10 424 19 425 20 426 19 427 20 428 19 429 20 430 20 0 20 0 20 0 20 0 20 0 20 0 19 431 20 432 19 433 20 434 10 435 19 436 20 437 21 0 21 0 20 438 21 439 21 0 21 0 20 440 21 441 21 0 20 442 21 443 21 0 20 444 21 445 20 446 21 447 20 448 21 449 20 450 21 451 21 0 20 452 21 453 21 0 21 0 21 0 21 0 21 0 21 0 22 0 21 0 21 0 21 0 22 0 21 0 20 454 21 455 22 0 21 0 20 456 21 457 8 0 8 0 7 458 8 459 8 0 8 0 7 460 8 461 8 0 7 462 8 463 7 464 8 465 8 0 8 0 8 0 8 0 8 0 9 0 8 0 7 466 8 467 8 0 9 0 7 468 8 469 8 0 9 0 8 0 7 470 8 471 4 0 3 472 4 473 3 474 4 475 4 0 4 0 4 0 4 0 4 0 4 0 3 476 4 477 3 478 4 479 3 480 4 481 4 0 4 0 4 0 5 0 3 482 4 483 4 0 5 0 4 0 3 484 4 485 5 0 4 0 4 0 0 0 0 486 23 487 0 0 0 488 23 489 0 490 23 491 24 492 0 493 23 494 24 495 23 496 24 497 23 498 24 499 23 500 24 501 23 502 24 503 23 504 24 505 25 506 23 507 24 508 25 509 23 510 24 511 25 512 23 513 24 514 23 515 24 516 23 517 24 518 0 519 23 520 24 521 0 522 23 523 0 0 0 524 23 525 0 526 23 527 24 528 23 529 24 530 0 0 23 531 24 532 25 533 24 534 25 535 24 536 25 537 24 538 25 539 24 540 25 541 25 542 26 543 25 544 26 545 25 546 26 547 25 548 26 549 26 0 26 0 24 550 25 551 24 552 25 553 24 554 25 555 25 556 26 557 25 558 26 559 25 560 26 561 26 0 26 0 26 0 26 0 26 0 26 0 26 0 26 0 24 562 25 563 26 0 25 564 26 565 26 0 26 0 26 0 26 0 26 0 11 0 11 0 11 0</v>
        </vertex_weights>
      </skin>
    </controller>
  </library_controllers>
  <library_visual_scenes>
    <visual_scene id="unnamed_scene" name="unnamed_scene">
      <node id="Kolink-node" name="Kolink" type="JOINT">
        <translate>0 0 0</translate>
        <rotate>-1 0 0 -90</rotate>
        <node id="Origin-node" name="Origin" type="JOINT">
          <translate>0 0 0</translate>
          <node id="Waist-node" name="Waist" sid="Bone1" type="JOINT">
            <translate>0 1.15253 -0.444842</translate>
            <node id="Feeler-node" name="Feeler" sid="Bone2" type="JOINT">
              <translate>0 0.060835 -0.239702</translate>
              <rotate>1 0 0 -90</rotate>
            </node>
            <node id="LThigh-node" name="LThigh" sid="Bone3" type="JOINT">
              <translate>0.395318 -0.054082 -0.002744</translate>
              <rotate>1 0 0 -176.669</rotate>
              <node id="LLeg-node" name="LLeg" sid="Bone4" type="JOINT">
                <translate>0 0.577729 0</translate>
                <rotate>-1 0 0 -9.94099</rotate>
                <node id="LFoot-node" name="LFoot" sid="Bone5" type="JOINT">
                  <translate>0 0.404006 0</translate>
                  <rotate>1 0 0 -84.9078</rotate>
                  <node id="LToe-node" name="LToe" sid="Bone6" type="JOINT">
                    <translate>0 0.238012 0</translate>
                    <rotate>1 0 0 -18.3644</rotate>
                  </node>
                </node>
              </node>
            </node>
            <node id="RThigh-node" name="RThigh" sid="Bone7" type="JOINT">
              <translate>-0.395318 -0.054081 -0.002744</translate>
              <rotate>1 0 0 -176.669</rotate>
              <node id="RLeg-node" name="RLeg" sid="Bone8" type="JOINT">
                <translate>0 0.577731 0</translate>
                <rotate>-1 0 0 -9.94099</rotate>
                <node id="RFoot-node" name="RFoot" sid="Bone9" type="JOINT">
                  <translate>0 0.404006 0</translate>
                  <rotate>1 0 0 -84.9078</rotate>
                  <node id="RToe-node" name="RToe" sid="Bone10" type="JOINT">
                    <translate>0 0.238011 0</translate>
                    <rotate>1 0 0 -18.3644</rotate>
                  </node>
                </node>
              </node>
            </node>
            <node id="Spine-node" name="Spine" sid="Bone11" type="JOINT">
              <translate>0 0.03783 0.590527</translate>
              <rotate>-1 0 0 -90</rotate>
              <node id="Head-node" name="Head" sid="Bone12" type="JOINT">
                <translate>0 0.782378 -0.452865</translate>
                <rotate>1 0 0 -90</rotate>
                <node id="Hair-node" name="Hair" sid="Bone13" type="JOINT">
                  <translate>0 1.69068 0.304007</translate>
                  <rotate>-1 0 0 -30.3554</rotate>
                </node>
                <node id="LEar-node" name="LEar" sid="Bone14" type="JOINT">
                  <translate>1.0149 0.841703 0.347147</translate>
                  <rotate>0 0 1 -90</rotate>
                </node>
                <node id="REar-node" name="REar" sid="Bone15" type="JOINT">
                  <translate>-1.0149 0.841698 0.347147</translate>
                  <rotate>0 0 -1 -90</rotate>
                </node>
              </node>
              <node id="LArm-node" name="LArm" sid="Bone16" type="JOINT">
                <translate>0.384916 0.716734 0.158492</translate>
                <rotate>-1 0 0 -95.7877</rotate>
                <node id="LForeArm-node" name="LForeArm" sid="Bone17" type="JOINT">
                  <translate>0 0.522714 0</translate>
                  <rotate>1 0 0 -6.25514</rotate>
                  <node id="LHand-node" name="LHand" sid="Bone18" type="JOINT">
                    <translate>0 0.374935 0</translate>
                    <rotate>1 0 0 -68.4325</rotate>
                    <node id="LFinger-node" name="LFinger" sid="Bone19" type="JOINT">
                      <translate>0 0.225289 0</translate>
                      <rotate>1 0 0 -21.1001</rotate>
                    </node>
                  </node>
                </node>
              </node>
              <node id="RArm-node" name="RArm" sid="Bone20" type="JOINT">
                <translate>-0.384916 0.716734 0.158495</translate>
                <rotate>-1 0 0 -95.7422</rotate>
                <node id="RForeArm-node" name="RForeArm" sid="Bone21" type="JOINT">
                  <translate>0 0.522501 0</translate>
                  <rotate>1 0 0 -6.14332</rotate>
                  <node id="RHand-node" name="RHand" sid="Bone22" type="JOINT">
                    <translate>0 0.375099 0</translate>
                    <rotate>1 0 0 -68.4991</rotate>
                    <node id="RFinger-node" name="RFinger" sid="Bone23" type="JOINT">
                      <translate>0 0.225291 0</translate>
                      <rotate>1 0 0 -21.0998</rotate>
                    </node>
                  </node>
                </node>
              </node>
            </node>
            <node id="Tail-node" name="Tail" sid="Bone24" type="JOINT">
              <translate>0 0.04355 -0.435196</translate>
              <rotate>1 0 0 -90</rotate>
              <node id="Tail1-node" name="Tail1" sid="Bone25" type="JOINT">
                <translate>0 0.74796 0</translate>
                <node id="Tail2-node" name="Tail2" sid="Bone26" type="JOINT">
                  <translate>0 0.678676 0</translate>
                  <node id="Tail3-node" name="Tail3" sid="Bone27" type="JOINT">
                    <translate>0 0.704413 0</translate>
                  </node>
                </node>
              </node>
            </node>
          </node>
        </node>
      </node>
      <node id="Shinx-node" name="Shinx" type="NODE">
        <instance_controller url="#Shinx-mesh-skin">
          <skeleton>#Waist-node</skeleton>
          <bind_material>
            <technique_common>
              <instance_material symbol="Material__322" target="#Material__322">
                <bind_vertex_input semantic="CHANNEL1" input_semantic="TEXCOORD" input_set="1"/>
              </instance_material>
              <instance_material symbol="Material__323" target="#Material__323">
                <bind_vertex_input semantic="CHANNEL1" input_semantic="TEXCOORD" input_set="1"/>
              </instance_material>
              <instance_material symbol="Material__324" target="#Material__324">
                <bind_vertex_input semantic="CHANNEL1" input_semantic="TEXCOORD" input_set="1"/>
              </instance_material>
            </technique_common>
          </bind_material>
        </instance_controller>
      </node>
      <extra>
        <technique profile="FCOLLADA">
          <start_time>0</start_time>
          <end_time>3.33333</end_time>
        </technique>
      </extra>
      <extra>
        <technique profile="MAX3D">
          <frame_rate>30</frame_rate>
        </technique>
      </extra>
    </visual_scene>
  </library_visual_scenes>
  <scene>
    <instance_visual_scene url="#unnamed_scene"/>
  </scene>
</COLLADA>
